slice_id,position_pct,position_decile,section_key,start_para,end_para,start_line,end_line,paragraph_count,char_len_no_punct,sentence_count,median_sentence_len,primary_function,secondary_functions,transition_hits,marker_hits,direct_reader_hits,plain_translation_hits,turn_hits,judgment_hits,scene_hits,humor_hits,fact_anchor_hits,character_pressure_hits,closure_hits,dialogue_hits,inventory_hits
FS00001,0.05,1,V000-P000-C000-S000,1,4,4,16,4,541,15,29,narration,turn|explanation|closure,5,28,3,1,3,0,3,0,15,0,1,1,1
FS00002,0.11,1,V001-P000-C000-S001,5,13,18,39,9,477,8,59.0,narration,explanation|closure|inventory,7,28,2,4,0,1,1,0,16,0,2,0,2
FS00003,0.16,1,V001-P001-C000-S002,14,37,41,90,24,475,8,33.0,humor_aside,inventory|character|narration,3,44,5,0,1,0,3,18,4,5,1,1,6
FS00004,0.22,1,V001-P001-C001-S000,38,51,92,118,14,704,18,18.5,dialogue_scene,humor_aside|narration|turn,3,23,2,0,1,0,3,6,0,1,1,8,1
FS00005,0.27,1,V001-P001-C001-S000,52,60,120,139,9,467,13,36,turn,humor_aside|judgment|narration,4,11,1,0,2,1,2,2,1,1,1,0,0
FS00006,0.33,1,V001-P001-C002-S000,61,72,141,163,12,753,17,30,turn,humor_aside|narration|character,8,28,1,0,6,1,1,6,6,3,1,0,3
FS00007,0.38,1,V001-P001-C002-S000,73,86,165,191,14,661,19,32,turn,humor_aside|dialogue_scene|narration,6,16,1,0,4,0,3,4,0,1,1,2,0
FS00008,0.44,1,V001-P001-C002-S000,87,98,193,215,12,751,21,29,explanation,turn|humor_aside|character,5,22,6,3,3,2,1,4,0,3,0,0,0
FS00009,0.49,1,V001-P001-C002-S000,99,107,217,236,9,494,14,40.0,turn,judgment|humor_aside|narration,4,18,5,0,4,3,4,2,0,0,0,0,0
FS00010,0.55,1,V001-P001-C003-S000,108,118,238,258,11,757,19,42,explanation,humor_aside|inventory|judgment,5,12,0,2,0,1,1,2,2,1,1,0,2
FS00011,0.6,1,V001-P001-C003-S000,119,131,260,284,13,725,17,38,judgment,character|turn|narration,3,11,0,0,1,5,2,0,0,3,0,0,0
FS00012,0.66,1,V001-P001-C003-S000,132,148,286,318,17,693,27,25,turn,character|dialogue_scene|narration,6,24,1,1,5,0,4,2,1,4,2,3,1
FS00013,0.71,1,V001-P001-C004-S000,149,163,323,351,15,708,20,29.5,dialogue_scene,humor_aside|inventory|narration,5,33,5,0,1,0,2,8,1,0,0,14,2
FS00014,0.76,1,V001-P001-C004-S000,164,171,353,367,8,714,13,43,narration,turn|character|explanation,5,20,3,1,3,1,6,0,4,2,0,0,0
FS00015,0.82,1,V001-P001-C004-S000,172,181,369,387,10,724,14,48.5,turn,narration|humor_aside|closure,5,14,1,0,3,0,6,2,0,0,1,1,0
FS00016,0.87,1,V001-P001-C004-S000,182,200,389,425,19,627,18,39.5,humor_aside,narration|turn|character,4,14,0,0,1,0,4,6,0,1,1,0,1
FS00017,0.93,1,V001-P001-C005-S000,201,218,430,464,18,715,23,21,turn,dialogue_scene|humor_aside|narration,6,33,12,0,3,1,5,4,1,1,0,4,2
FS00018,0.98,1,V001-P001-C005-S000,219,230,466,488,12,702,13,45,dialogue_scene,humor_aside|judgment|narration,4,29,3,0,0,2,5,6,0,2,1,9,1
FS00019,1.04,1,V001-P001-C005-S000,231,244,490,516,14,742,15,46,narration,explanation|turn|character,4,11,1,1,1,0,5,0,2,1,0,0,0
FS00020,1.09,1,V001-P001-C005-S000,245,255,518,538,11,658,13,60,turn,narration|judgment|character,6,16,1,0,5,1,7,0,0,1,1,0,0
FS00021,1.15,1,V001-P001-C006-S000,256,267,543,565,12,692,15,47,turn,explanation|humor_aside|narration,9,27,2,3,5,2,4,4,3,0,1,2,1
FS00022,1.2,1,V001-P001-C006-S000,268,278,567,587,11,632,14,35.0,humor_aside,turn|judgment|narration,5,24,2,0,4,3,2,8,3,1,0,0,1
FS00023,1.26,1,V001-P001-C007-S000,279,291,592,616,13,729,13,58,judgment,humor_aside|character|closure,3,27,2,0,1,6,3,6,2,3,3,0,1
FS00024,1.31,1,V001-P001-C007-S000,292,306,618,646,15,677,18,37.0,humor_aside,dialogue_scene|closure|explanation,6,29,4,2,1,2,3,6,3,1,3,4,0
FS00025,1.37,1,V001-P001-C007-S000,307,315,648,664,9,725,11,69,humor_aside,judgment|closure|narration,3,26,4,0,1,3,3,10,1,0,3,0,1
FS00026,1.42,1,V001-P001-C007-S000,316,323,666,680,8,760,13,62,humor_aside,narration|explanation|turn,6,38,6,2,2,0,5,18,4,0,1,0,0
FS00027,1.47,1,V001-P001-C007-S000,324,334,682,702,11,668,11,60,dialogue_scene,turn|narration|character,4,19,1,0,3,1,4,0,1,2,1,6,0
FS00028,1.53,1,V001-P001-C007-S000,335,343,704,723,9,466,8,58.5,dialogue_scene,judgment|explanation|inventory,1,14,2,1,1,2,1,0,0,0,0,5,2
FS00029,1.58,1,V001-P001-C008-S000,344,364,725,765,21,719,22,29.5,dialogue_scene,humor_aside|narration|turn,5,45,7,0,3,1,6,8,4,1,1,14,0
FS00030,1.64,1,V001-P001-C008-S000,365,376,767,789,12,722,15,28,humor_aside,closure|narration|explanation,3,25,8,1,1,0,3,6,1,1,2,1,1
FS00031,1.69,1,V001-P001-C008-S000,377,384,791,805,8,547,10,60.5,humor_aside,dialogue_scene|narration|turn,2,20,4,0,1,0,3,8,1,1,0,2,0
FS00032,1.75,1,V001-P001-C009-S000,385,397,810,834,13,750,17,39,judgment,narration|explanation|humor_aside,1,20,3,1,0,4,4,2,2,1,1,1,1
FS00033,1.8,1,V001-P001-C009-S000,398,412,836,864,15,641,15,45,turn,humor_aside|judgment|narration,2,10,1,0,2,1,2,2,1,1,0,0,0
FS00034,1.86,1,V001-P001-C009-S000,413,423,866,886,11,633,10,56.0,explanation,humor_aside|judgment|narration,1,9,0,2,1,1,2,2,1,0,0,0,0
FS00035,1.91,1,V001-P001-C009-S000,424,435,888,910,12,730,14,31.5,humor_aside,dialogue_scene|judgment|narration,2,21,3,0,1,2,4,6,1,1,0,3,0
FS00036,1.97,1,V001-P001-C009-S000,436,447,912,934,12,637,18,26.5,dialogue_scene,explanation|turn|judgment,3,19,4,2,2,1,1,0,0,1,0,8,0
FS00037,2.02,1,V001-P001-C009-S000,448,460,936,960,13,757,15,39,dialogue_scene,narration|judgment|closure,2,10,1,0,0,1,2,0,2,0,1,2,1
FS00038,2.08,1,V001-P001-C009-S000,461,478,962,996,18,738,17,41,dialogue_scene,character|judgment|turn,2,28,12,0,1,1,2,0,0,2,0,10,0
FS00039,2.13,1,V001-P001-C009-S000,479,502,998,1044,24,755,20,33.5,narration,turn|character|dialogue_scene,2,17,0,0,2,1,5,2,2,2,0,2,1
FS00040,2.18,1,V001-P001-C009-S000,503,514,1046,1068,12,659,14,33.5,narration,turn|character|dialogue_scene,3,17,0,0,2,0,5,2,3,2,1,2,0
FS00041,2.24,1,V001-P001-C009-S000,515,534,1070,1108,20,752,21,27,dialogue_scene,explanation|turn|narration,3,24,0,1,1,0,2,0,0,0,0,20,0
FS00042,2.29,1,V001-P001-C009-S000,535,546,1110,1135,12,554,14,29.0,dialogue_scene,inventory|judgment|closure,5,23,2,1,0,2,3,0,1,0,2,9,3
FS00043,2.35,1,V001-P001-C010-S000,547,560,1137,1163,14,752,15,46,explanation,humor_aside|turn|dialogue_scene,4,17,2,2,2,1,1,3,2,1,1,2,0
FS00044,2.4,1,V001-P001-C010-S000,561,573,1165,1189,13,717,15,46,humor_aside,character|turn|explanation,4,20,1,1,2,1,2,8,1,3,1,0,0
FS00045,2.46,1,V001-P001-C010-S000,574,597,1191,1237,24,746,24,32.0,narration,turn|humor_aside|judgment,6,19,0,0,3,2,7,4,2,0,1,0,0
FS00046,2.51,1,V001-P001-C010-S000,598,620,1239,1283,23,712,25,24,dialogue_scene,turn|narration|judgment,3,17,4,0,2,1,3,0,1,1,1,4,0
FS00047,2.57,1,V001-P001-C010-S000,621,635,1285,1316,15,493,18,20.5,dialogue_scene,humor_aside|narration|turn,1,11,1,0,1,0,0,2,3,0,0,4,0
FS00048,2.62,1,V001-P001-C011-S000,636,657,1318,1360,22,732,23,32,judgment,character|explanation|humor_aside,2,8,0,0,0,3,1,1,1,1,0,0,1
FS00049,2.68,1,V001-P001-C011-S000,658,674,1362,1394,17,710,21,27,humor_aside,judgment|explanation|dialogue_scene,2,21,0,2,0,4,1,8,3,1,0,2,0
FS00050,2.73,1,V001-P001-C011-S000,675,691,1396,1428,17,643,15,33,dialogue_scene,narration|explanation|judgment,1,19,5,1,1,1,2,0,2,1,1,4,1
FS00051,2.79,1,V001-P001-C011-S000,692,703,1430,1452,12,669,12,40.5,humor_aside,narration|judgment|turn,2,13,1,0,1,1,5,4,0,0,0,1,0
FS00052,2.84,1,V001-P001-C011-S000,704,722,1454,1490,19,705,21,29,turn,narration|judgment|closure,3,10,0,0,2,1,4,0,1,0,1,0,1
FS00053,2.89,1,V001-P001-C011-S000,723,743,1492,1532,21,696,22,17.0,explanation,judgment|turn|character,3,10,3,2,1,1,1,0,0,1,0,0,1
FS00054,2.95,1,V001-P001-C011-S000,744,764,1534,1574,21,749,22,28.5,humor_aside,dialogue_scene|turn|inventory,2,16,3,0,1,0,1,6,0,0,0,4,1
FS00055,3.0,1,V001-P001-C011-S000,765,784,1576,1614,20,706,20,30.5,judgment,dialogue_scene|humor_aside|narration,1,13,2,0,1,2,1,2,2,0,0,2,1
FS00056,3.06,1,V001-P001-C011-S000,785,803,1616,1652,19,756,26,22.5,turn,character|judgment|narration,2,12,3,0,2,1,3,0,0,2,0,0,1
FS00057,3.11,1,V001-P001-C011-S000,804,822,1654,1690,19,758,20,41.5,narration,character|judgment|turn,1,16,1,0,1,1,6,0,4,3,0,0,0
FS00058,3.17,1,V001-P001-C011-S000,823,844,1692,1734,22,517,25,21,character,judgment|narration|turn,1,13,3,0,1,2,3,0,0,4,0,0,0
FS00059,3.22,1,V001-P001-C012-S000,845,861,1739,1771,17,705,20,31.0,humor_aside,dialogue_scene|character|judgment,0,21,1,0,0,1,3,8,0,3,0,4,1
FS00060,3.28,1,V001-P001-C012-S000,862,876,1773,1801,15,701,18,32.0,turn,character|inventory|narration,2,5,0,0,2,0,1,0,0,1,0,0,1
FS00061,3.33,1,V001-P001-C012-S000,877,892,1803,1833,16,697,17,29,dialogue_scene,humor_aside|narration|closure,0,20,1,0,1,0,5,4,1,0,2,5,1
FS00062,3.39,1,V001-P001-C012-S000,893,906,1835,1861,14,739,15,43,judgment,humor_aside|narration|closure,4,28,0,0,1,5,4,6,3,2,3,2,2
FS00063,3.44,1,V001-P001-C012-S000,907,921,1863,1891,15,732,24,31.0,humor_aside,judgment|narration|dialogue_scene,1,32,10,1,0,2,0,10,6,0,1,2,0
FS00064,3.5,1,V001-P001-C012-S000,922,947,1893,1943,26,750,26,21.5,narration,judgment|explanation|character,0,14,2,1,0,2,5,0,2,1,0,1,0
FS00065,3.55,1,V001-P001-C012-S000,948,969,1945,1987,22,756,21,29,dialogue_scene,turn|humor_aside|narration,3,28,6,0,4,0,1,3,4,0,2,7,1
FS00066,3.6,1,V001-P001-C012-S000,970,983,1989,2015,14,723,20,32.5,explanation,narration|turn|closure,3,10,0,1,1,0,1,0,5,0,1,1,0
FS00067,3.66,1,V001-P001-C012-S000,984,1000,2017,2049,17,723,22,30.0,humor_aside,dialogue_scene|judgment|narration,2,27,2,0,1,2,4,8,2,2,2,4,0
FS00068,3.71,1,V001-P001-C012-S000,1001,1012,2051,2073,12,743,17,37,judgment,narration|humor_aside|character,6,35,6,0,2,5,4,4,6,3,2,0,3
FS00069,3.77,1,V001-P001-C012-S000,1013,1021,2075,2094,9,521,15,29,character,narration|judgment|dialogue_scene,2,16,2,0,0,1,4,0,4,4,0,1,0
FS00070,3.82,1,V001-P001-C013-S000,1022,1034,2096,2120,13,689,18,34.0,turn,humor_aside|narration|judgment,6,21,2,1,3,2,3,4,4,0,1,1,0
FS00071,3.88,1,V001-P001-C013-S000,1035,1050,2122,2152,16,687,22,23.5,character,closure|humor_aside|judgment,2,17,3,0,1,1,3,2,0,4,2,1,0
FS00072,3.93,1,V001-P001-C013-S000,1051,1068,2154,2188,18,758,21,35,humor_aside,explanation|judgment|turn,1,14,1,1,1,1,1,6,1,0,0,1,1
FS00073,3.99,1,V001-P001-C013-S000,1069,1087,2190,2226,19,689,20,23.5,humor_aside,judgment|turn|explanation,3,12,0,1,2,2,1,4,2,0,0,0,0
FS00074,4.04,1,V001-P001-C013-S000,1088,1106,2228,2264,19,625,22,25.0,turn,character|dialogue_scene|closure,5,25,6,1,3,1,2,2,0,4,2,4,0
FS00075,4.1,1,V001-P001-C014-S000,1107,1123,2269,2301,17,733,21,34,character,narration|judgment|closure,0,13,2,0,0,1,1,0,3,3,1,1,1
FS00076,4.15,1,V001-P001-C014-S000,1124,1142,2303,2339,19,653,22,26.5,narration,explanation|turn|character,2,20,5,1,1,0,4,0,6,1,1,0,1
FS00077,4.21,1,V001-P001-C014-S000,1143,1158,2341,2371,16,713,20,31.5,humor_aside,narration|judgment|turn,4,33,5,0,2,3,2,6,9,1,1,2,2
FS00078,4.26,1,V001-P001-C014-S000,1159,1183,2373,2421,25,754,23,29,humor_aside,narration|dialogue_scene|character,2,28,2,0,0,0,2,14,6,1,1,2,0
FS00079,4.31,1,V001-P001-C014-S000,1184,1216,2423,2487,33,755,31,24,dialogue_scene,judgment|narration|character,2,17,3,0,0,2,3,0,3,1,1,4,0
FS00080,4.37,1,V001-P001-C014-S000,1217,1235,2489,2525,19,756,21,25,inventory,turn|explanation|narration,6,22,4,1,2,0,3,2,2,0,2,1,5
FS00081,4.42,1,V001-P001-C014-S000,1236,1253,2527,2561,18,743,19,36,dialogue_scene,narration|turn|humor_aside,4,28,4,0,3,0,5,2,7,1,0,6,0
FS00082,4.48,1,V001-P001-C014-S000,1254,1270,2563,2595,17,650,21,23,judgment,narration|character|dialogue_scene,2,25,1,0,1,4,6,2,6,2,1,2,0
FS00083,4.53,1,V001-P001-C014-S000,1271,1286,2597,2627,16,718,18,41.0,narration,dialogue_scene|humor_aside|judgment,5,15,0,0,0,1,1,2,7,1,0,2,1
FS00084,4.59,1,V001-P001-C014-S000,1287,1305,2629,2665,19,750,21,35,narration,judgment|character|explanation,3,30,13,1,1,2,5,0,5,2,1,0,0
FS00085,4.64,1,V001-P001-C014-S000,1306,1323,2667,2701,18,675,20,32.0,narration,turn|humor_aside|character,4,25,2,0,3,2,3,4,6,3,2,0,0
FS00086,4.7,1,V001-P001-C014-S000,1324,1337,2703,2729,14,702,20,29.5,narration,humor_aside|character|inventory,3,31,1,0,2,1,6,4,7,3,2,2,3
FS00087,4.75,1,V001-P001-C014-S000,1338,1352,2731,2759,15,759,22,28.5,inventory,narration|turn|character,5,16,2,1,2,0,3,0,3,2,0,0,3
FS00088,4.81,1,V001-P001-C014-S000,1353,1365,2761,2785,13,750,21,33,turn,narration|closure|explanation,7,24,2,2,4,0,2,0,5,2,3,2,2
FS00089,4.86,1,V001-P001-C014-S000,1366,1377,2787,2809,12,653,18,30.5,humor_aside,judgment|narration|character,3,24,0,1,1,4,3,8,2,2,0,2,1
FS00090,4.92,1,V001-P001-C014-S000,1378,1387,2811,2829,10,724,19,38,humor_aside,narration|judgment|turn,5,23,0,0,1,1,6,8,5,0,1,0,1
FS00091,4.97,1,V001-P001-C014-S000,1388,1402,2831,2859,15,730,20,37.0,character,inventory|judgment|humor_aside,1,17,0,0,1,2,3,2,0,4,1,1,3
FS00092,5.02,1,V001-P001-C014-S000,1403,1415,2861,2885,13,718,18,33.0,turn,humor_aside|character|inventory,5,16,0,0,3,1,2,4,2,2,0,0,2
FS00093,5.08,1,V001-P001-C014-S000,1416,1426,2887,2907,11,752,14,38.0,turn,explanation|judgment|narration,5,8,0,1,2,1,1,0,2,0,0,0,1
FS00094,5.13,1,V001-P001-C014-S000,1427,1438,2909,2931,12,736,18,40.5,humor_aside,explanation|judgment|turn,3,9,1,1,1,1,1,2,1,0,1,0,0
FS00095,5.19,1,V001-P001-C014-S000,1439,1452,2933,2959,14,726,18,37.0,humor_aside,narration|turn|judgment,3,22,3,0,2,1,4,10,2,0,0,0,0
FS00096,5.24,1,V001-P001-C014-S000,1453,1462,2961,2979,10,755,16,46.0,inventory,closure|judgment|narration,8,26,8,0,1,2,1,0,3,1,3,0,7
FS00097,5.3,1,V001-P001-C014-S000,1463,1472,2981,2999,10,711,12,61.0,judgment,character|explanation|narration,2,32,14,2,1,6,0,0,3,6,0,0,0
FS00098,5.35,1,V001-P001-C014-S000,1473,1483,3001,3021,11,681,18,31.5,judgment,character|turn|explanation,4,50,31,2,3,6,1,0,0,5,2,0,0
FS00099,5.41,1,V001-P001-C014-S000,1484,1495,3023,3045,12,700,18,36.5,judgment,character|narration|turn,5,40,18,1,2,6,3,0,4,4,2,0,0
FS00100,5.46,1,V001-P001-C014-S000,1496,1504,3047,3066,9,596,15,35,turn,narration|character|humor_aside,3,13,2,0,2,0,4,2,1,2,0,0,0
FS00101,5.52,1,V001-P001-C015-S000,1505,1517,3068,3092,13,743,19,37,humor_aside,character|judgment|closure,3,21,3,1,0,2,0,4,4,3,2,0,2
FS00102,5.57,1,V001-P001-C015-S000,1518,1526,3094,3110,9,704,14,40.0,humor_aside,narration|turn|closure,5,24,0,0,3,1,5,6,6,0,2,0,1
FS00103,5.63,1,V001-P001-C015-S000,1527,1536,3112,3130,10,690,20,30.0,turn,humor_aside|narration|explanation,2,12,0,0,3,0,2,4,3,0,0,0,0
FS00104,5.68,1,V001-P001-C015-S000,1537,1549,3132,3156,13,724,23,32,humor_aside,turn|narration|closure,5,21,0,0,3,1,3,10,2,0,2,0,0
FS00105,5.73,1,V001-P001-C015-S000,1550,1557,3158,3175,8,500,10,47.5,closure,turn|character|dialogue_scene,3,14,1,0,2,0,0,0,2,2,3,2,2
FS00106,5.79,1,V001-P001-C016-S000,1558,1564,3177,3189,7,742,16,45.5,humor_aside,narration|turn|explanation,4,25,8,1,2,0,2,3,4,2,1,2,0
FS00107,5.84,1,V001-P001-C016-S000,1565,1574,3191,3209,10,729,16,35.5,inventory,narration|dialogue_scene|turn,6,37,10,0,2,0,6,2,5,0,2,4,6
FS00108,5.9,1,V001-P001-C016-S000,1575,1586,3211,3233,12,714,18,33.5,explanation,humor_aside|inventory|narration,5,45,19,3,1,1,5,4,2,1,3,2,4
FS00109,5.95,1,V001-P001-C016-S000,1587,1596,3235,3253,10,730,18,34.5,inventory,judgment|turn|character,5,36,10,0,3,4,1,0,6,4,2,0,6
FS00110,6.01,1,V001-P001-C016-S000,1597,1606,3255,3273,10,749,16,38.0,humor_aside,narration|explanation|character,6,47,10,3,0,0,3,12,9,4,3,2,1
FS00111,6.06,1,V001-P001-C016-S000,1607,1615,3275,3291,9,693,18,33.0,character,inventory|narration|dialogue_scene,4,33,7,1,0,0,6,0,3,7,0,4,5
FS00112,6.12,1,V001-P001-C016-S000,1616,1626,3293,3313,11,677,12,64.5,dialogue_scene,inventory|character|judgment,3,35,5,0,0,2,3,2,3,3,0,12,5
FS00113,6.17,1,V001-P001-C016-S000,1627,1636,3315,3333,10,752,12,61.5,judgment,turn|closure|explanation,4,15,2,1,2,5,3,0,0,0,2,0,0
FS00114,6.23,1,V001-P001-C016-S000,1637,1644,3335,3349,8,702,14,46.5,dialogue_scene,narration|judgment|turn,1,17,4,0,1,1,3,0,3,0,0,4,1
FS00115,6.28,1,V001-P001-C016-S000,1645,1654,3351,3369,10,722,15,34,inventory,narration|character|closure,2,27,4,1,0,1,3,2,5,3,2,1,5
FS00116,6.34,1,V001-P001-C016-S000,1655,1659,3371,3379,5,675,17,30,explanation,narration|character|dialogue_scene,2,22,8,2,0,0,0,2,5,2,1,2,0
FS00117,6.39,1,V001-P001-C016-S000,1660,1667,3381,3395,8,735,26,26.5,narration,inventory|judgment|dialogue_scene,1,30,9,0,0,2,0,2,10,1,1,2,3
FS00118,6.44,1,V001-P001-C016-S000,1668,1678,3397,3417,11,751,19,30,humor_aside,narration|inventory|explanation,3,26,9,1,0,0,2,4,6,0,1,0,3
FS00119,6.5,1,V001-P001-C016-S000,1679,1691,3419,3443,13,736,19,43,dialogue_scene,narration|judgment|inventory,4,21,1,1,1,2,9,0,0,0,0,5,2
FS00120,6.55,1,V001-P001-C016-S000,1692,1705,3445,3471,14,757,18,33.0,dialogue_scene,closure|character|inventory,5,25,2,0,0,0,3,0,0,2,6,10,2
FS00121,6.61,1,V001-P001-C016-S000,1706,1724,3473,3509,19,755,26,31.0,dialogue_scene,explanation|turn|judgment,5,37,3,3,3,2,6,2,0,0,1,16,1
FS00122,6.66,1,V001-P001-C016-S000,1725,1732,3511,3528,8,464,12,32.0,judgment,humor_aside|inventory|narration,2,7,0,0,0,2,2,2,0,0,0,0,1
FS00123,6.72,1,V001-P001-C017-S000,1733,1745,3530,3554,13,731,17,40,character,closure|judgment|turn,5,25,2,0,2,3,0,2,4,5,5,2,0
FS00124,6.77,1,V001-P001-C017-S000,1746,1758,3556,3580,13,696,16,39.0,judgment,character|dialogue_scene|inventory,2,29,4,1,2,3,0,0,7,4,0,4,4
FS00125,6.83,1,V001-P001-C017-S000,1759,1767,3582,3598,9,697,15,45,dialogue_scene,explanation|narration|humor_aside,1,33,14,2,1,1,1,2,6,0,0,6,0
FS00126,6.88,1,V001-P001-C017-S000,1768,1781,3600,3626,14,751,21,26,narration,dialogue_scene|turn|humor_aside,4,21,3,0,2,0,7,2,2,1,0,4,0
FS00127,6.94,1,V001-P001-C017-S000,1782,1795,3628,3654,14,664,20,31.5,turn,narration|dialogue_scene|judgment,7,20,0,0,5,2,3,0,4,2,1,3,0
FS00128,6.99,1,V001-P001-C017-S000,1796,1805,3656,3674,10,645,16,32.0,humor_aside,turn|narration|explanation,6,24,4,1,4,1,4,6,4,0,0,0,0
FS00129,7.05,1,V001-P001-C017-S000,1806,1818,3676,3700,13,720,15,46,judgment,turn|explanation|narration,3,24,7,1,2,2,2,2,3,1,2,2,0
FS00130,7.1,1,V001-P001-C017-S000,1819,1827,3702,3718,9,733,13,46,explanation,closure|narration|dialogue_scene,3,28,18,2,0,0,2,0,2,0,3,1,0
FS00131,7.15,1,V001-P001-C017-S000,1828,1838,3720,3740,11,733,17,35,narration,character|turn|closure,4,36,7,0,2,0,0,2,15,4,2,2,2
FS00132,7.21,1,V001-P001-C017-S000,1839,1847,3742,3758,9,731,15,46,turn,narration|inventory|judgment,8,30,1,1,6,2,1,2,10,1,2,1,3
FS00133,7.26,1,V001-P001-C017-S000,1848,1859,3760,3782,12,716,19,34,character,narration|explanation|closure,1,25,6,1,0,0,1,0,9,6,1,0,1
FS00134,7.32,1,V001-P001-C017-S000,1860,1869,3784,3802,10,596,16,39.5,humor_aside,narration|character|closure,1,28,3,0,0,0,1,8,10,2,2,1,1
FS00135,7.37,1,V001-P001-C017-S000,1870,1876,3804,3816,7,671,18,30.5,explanation,narration|humor_aside|turn,3,18,7,2,1,0,2,2,3,1,0,0,0
FS00136,7.43,1,V001-P001-C017-S000,1877,1891,3818,3846,15,749,21,34,humor_aside,dialogue_scene|judgment|turn,3,21,2,0,2,2,1,6,2,1,1,4,0
FS00137,7.48,1,V001-P001-C017-S000,1892,1912,3848,3888,21,749,23,35,turn,dialogue_scene|character|closure,2,17,3,0,3,0,3,0,1,2,2,3,0
FS00138,7.54,1,V001-P001-C017-S000,1913,1924,3890,3912,12,726,17,42,humor_aside,narration|character|dialogue_scene,1,38,3,0,1,0,0,16,11,3,0,2,2
FS00139,7.59,1,V001-P001-C017-S000,1925,1936,3914,3936,12,651,18,28.5,dialogue_scene,humor_aside|judgment|turn,1,21,5,0,1,1,0,6,2,0,0,6,0
FS00140,7.65,1,V001-P001-C017-S000,1937,1947,3938,3958,11,656,19,32,turn,narration|explanation|closure,4,26,3,2,4,1,3,2,7,0,2,0,2
FS00141,7.7,1,V001-P001-C017-S000,1948,1957,3960,3978,10,711,17,42,humor_aside,narration|turn|judgment,4,21,4,0,2,1,4,6,2,1,0,0,1
FS00142,7.76,1,V001-P001-C017-S000,1958,1969,3980,4002,12,642,17,31,dialogue_scene,narration|humor_aside|turn,1,42,3,0,2,1,6,4,3,0,0,21,2
FS00143,7.81,1,V001-P001-C017-S000,1970,1978,4004,4020,9,563,14,34.0,narration,humor_aside|inventory|turn,5,28,5,0,2,0,2,4,9,0,1,2,3
FS00144,7.86,1,V001-P001-C018-S000,1979,1992,4025,4051,14,715,20,31.0,humor_aside,narration|dialogue_scene|judgment,2,16,0,0,1,1,1,4,5,0,1,2,1
FS00145,7.92,1,V001-P001-C018-S000,1993,2008,4053,4083,16,682,22,32.0,turn,narration|character|dialogue_scene,10,25,1,0,9,0,4,0,6,3,0,2,0
FS00146,7.97,1,V001-P001-C018-S000,2009,2020,4085,4107,12,754,22,27.5,judgment,turn|narration|dialogue_scene,2,16,1,0,2,2,1,2,4,0,0,2,2
FS00147,8.03,1,V001-P001-C018-S000,2021,2031,4109,4129,11,618,14,43.5,humor_aside,dialogue_scene|turn|explanation,5,28,2,2,3,0,2,8,5,0,0,6,0
FS00148,8.08,1,V001-P001-C018-S000,2032,2042,4131,4154,11,530,13,31,narration,humor_aside|judgment|closure,2,26,4,0,1,2,0,4,12,0,2,0,1
FS00149,8.14,1,V001-P001-C019-S000,2043,2057,4156,4184,15,719,22,28.0,judgment,narration|explanation|turn,5,32,12,1,1,5,6,0,5,0,1,0,1
FS00150,8.19,1,V001-P001-C019-S000,2058,2073,4186,4216,16,749,20,32.5,explanation,narration|judgment|turn,10,30,2,4,2,2,3,2,12,1,2,0,0
FS00151,8.25,1,V001-P001-C019-S000,2074,2087,4218,4244,14,740,19,32,narration,explanation|judgment|character,1,26,8,2,0,1,1,0,12,1,1,0,0
FS00152,8.3,1,V001-P001-C019-S000,2088,2100,4246,4270,13,710,16,43.5,humor_aside,explanation|narration|dialogue_scene,2,31,5,2,0,1,1,14,5,0,0,2,1
FS00153,8.36,1,V001-P001-C019-S000,2101,2116,4272,4302,16,754,19,37,narration,explanation|humor_aside|judgment,7,59,18,5,1,3,4,6,15,0,2,4,1
FS00154,8.41,1,V001-P001-C019-S000,2117,2124,4304,4318,8,689,13,52,narration,closure|explanation|turn,3,27,10,2,2,0,2,0,8,0,3,0,0
FS00155,8.47,1,V001-P001-C019-S000,2125,2138,4320,4346,14,753,19,36,dialogue_scene,narration|judgment|character,3,34,6,0,1,2,3,2,9,2,0,9,0
FS00156,8.52,1,V001-P001-C019-S000,2139,2147,4348,4364,9,658,18,34.5,dialogue_scene,judgment|turn|humor_aside,3,21,5,0,2,2,0,2,2,0,0,6,2
FS00157,8.57,1,V001-P001-C019-S000,2148,2156,4366,4382,9,741,14,48.5,narration,turn|inventory|judgment,4,24,1,1,3,2,0,0,10,0,2,2,3
FS00158,8.63,1,V001-P001-C019-S000,2157,2171,4384,4412,15,744,26,23.5,judgment,humor_aside|turn|dialogue_scene,4,20,3,0,2,3,1,4,1,1,1,2,2
FS00159,8.68,1,V001-P001-C019-S000,2172,2192,4414,4454,21,753,25,23,narration,turn|dialogue_scene|humor_aside,2,18,2,0,2,0,6,2,1,1,0,2,2
FS00160,8.74,1,V001-P001-C020-S000,2193,2202,4459,4477,10,723,20,31.5,humor_aside,narration|turn|explanation,4,20,1,1,2,1,3,6,4,1,0,0,1
FS00161,8.79,1,V001-P001-C020-S000,2203,2216,4479,4505,14,716,21,32,humor_aside,explanation|turn|dialogue_scene,3,17,1,2,2,0,1,4,2,0,1,2,2
FS00162,8.85,1,V001-P001-C020-S000,2217,2229,4507,4531,13,720,18,37.0,humor_aside,turn|closure|narration,3,18,3,0,2,0,2,6,2,0,2,1,0
FS00163,8.9,1,V001-P001-C020-S000,2230,2245,4533,4563,16,708,21,32,dialogue_scene,humor_aside|turn|narration,2,21,5,0,2,1,4,4,1,0,0,4,0
FS00164,8.96,1,V001-P001-C020-S000,2246,2262,4565,4597,17,707,24,27.5,turn,judgment|character|humor_aside,4,12,0,0,3,2,2,2,1,2,0,0,0
FS00165,9.01,1,V001-P001-C020-S000,2263,2275,4599,4623,13,744,23,30,dialogue_scene,humor_aside|turn|character,1,7,0,0,1,0,0,2,1,1,0,2,0
FS00166,9.07,1,V001-P001-C020-S000,2276,2285,4625,4643,10,742,21,32,judgment,character|closure|narration,1,14,4,0,0,2,4,0,0,2,2,0,0
FS00167,9.12,1,V001-P001-C020-S000,2286,2300,4645,4673,15,750,18,32.5,character,humor_aside|turn|narration,5,22,2,0,2,0,4,4,1,5,2,1,1
FS00168,9.18,1,V001-P001-C020-S000,2301,2316,4675,4705,16,739,24,27.5,humor_aside,narration|dialogue_scene|turn,2,36,4,0,1,0,4,10,12,0,0,5,0
FS00169,9.23,1,V001-P001-C020-S000,2317,2331,4707,4735,15,733,20,33.5,narration,judgment|character|explanation,1,33,0,2,0,4,0,0,18,4,1,2,2
FS00170,9.28,1,V001-P001-C020-S000,2332,2350,4737,4773,19,720,28,24.0,dialogue_scene,humor_aside|narration|character,3,39,6,0,2,1,7,4,0,3,1,15,0
FS00171,9.34,1,V001-P001-C020-S000,2351,2369,4775,4811,19,749,28,22.5,character,dialogue_scene|narration|turn,3,30,3,0,2,0,1,2,6,9,2,4,1
FS00172,9.39,1,V001-P001-C020-S000,2370,2377,4813,4827,8,696,13,58,turn,narration|humor_aside|judgment,3,10,0,0,2,1,3,2,2,0,0,0,0
FS00173,9.45,1,V001-P001-C020-S000,2378,2388,4829,4849,11,743,21,32,humor_aside,narration|turn|inventory,3,8,0,0,1,0,1,2,3,0,0,0,1
FS00174,9.5,1,V001-P001-C020-S000,2389,2399,4851,4871,11,741,17,38,narration,turn|character|humor_aside,2,17,2,1,2,1,3,2,3,2,1,0,0
FS00175,9.56,1,V001-P001-C020-S000,2400,2415,4873,4903,16,760,17,49,humor_aside,turn|narration|closure,2,18,2,0,2,0,2,4,3,1,2,2,0
FS00176,9.61,1,V001-P001-C020-S000,2416,2426,4905,4925,11,612,14,34.5,closure,humor_aside|turn|narration,5,21,0,0,2,0,4,4,1,0,8,0,2
FS00177,9.67,1,V001-P001-C021-S000,2427,2439,4930,4954,13,707,15,43,explanation,judgment|humor_aside|narration,3,20,5,4,0,2,0,2,4,1,1,0,1
FS00178,9.72,1,V001-P001-C021-S000,2440,2454,4956,4984,15,757,18,39.0,dialogue_scene,judgment|character|narration,9,39,5,1,2,5,4,2,3,4,3,8,2
FS00179,9.78,1,V001-P001-C021-S000,2455,2466,4986,5008,12,701,16,30.5,judgment,humor_aside|turn|closure,2,10,1,0,1,2,0,2,2,0,1,0,1
FS00180,9.83,1,V001-P001-C021-S000,2467,2479,5010,5034,13,723,20,33.0,judgment,character|explanation|humor_aside,4,22,6,2,0,3,1,2,3,4,1,0,0
FS00181,9.89,1,V001-P001-C021-S000,2480,2489,5036,5054,10,739,17,46,dialogue_scene,narration|judgment|humor_aside,3,39,8,0,1,3,1,2,12,1,1,8,2
FS00182,9.94,1,V001-P001-C021-S000,2490,2500,5056,5076,11,701,14,41.0,dialogue_scene,narration|humor_aside|character,3,42,7,0,2,2,2,4,13,3,0,8,1
FS00183,9.99,1,V001-P001-C021-S000,2501,2508,5078,5095,8,516,11,45,narration,judgment|inventory|character,2,27,3,1,0,3,1,0,12,2,0,2,3
FS00184,10.05,1,V001-P001-C022-S000,2509,2517,5097,5113,9,723,18,30.0,explanation,humor_aside|judgment|character,1,13,6,1,0,1,1,2,1,1,0,0,0
FS00185,10.1,2,V001-P001-C022-S000,2518,2537,5115,5153,20,757,24,26.0,dialogue_scene,judgment|narration|explanation,2,35,6,2,2,3,3,2,6,0,0,8,3
FS00186,10.16,2,V001-P001-C022-S000,2538,2549,5155,5177,12,718,13,51,inventory,explanation|narration|turn,2,27,13,2,1,0,2,0,4,0,0,0,5
FS00187,10.21,2,V001-P001-C022-S000,2550,2555,5179,5189,6,723,14,54.5,inventory,judgment|narration,0,22,6,0,0,3,0,0,7,0,0,0,6
FS00188,10.27,2,V001-P001-C022-S000,2556,2569,5191,5217,14,747,22,33.5,turn,character|inventory|narration,6,34,3,0,7,2,1,2,7,6,0,0,6
FS00189,10.32,2,V001-P001-C022-S000,2570,2578,5219,5235,9,742,17,40,dialogue_scene,narration|character|inventory,2,49,6,1,3,2,0,2,13,6,3,7,6
FS00190,10.38,2,V001-P001-C022-S000,2579,2592,5237,5263,14,731,21,29,narration,judgment|explanation|turn,4,31,0,2,2,4,0,0,19,2,2,0,0
FS00191,10.43,2,V001-P001-C022-S000,2593,2603,5265,5285,11,752,17,40,dialogue_scene,narration|judgment|humor_aside,1,34,4,1,0,3,1,2,14,0,0,8,1
FS00192,10.49,2,V001-P001-C022-S000,2604,2616,5287,5311,13,716,16,43.5,narration,humor_aside|judgment|dialogue_scene,4,23,1,1,1,2,3,4,6,1,1,2,1
FS00193,10.54,2,V001-P001-C022-S000,2617,2626,5313,5331,10,683,19,37,inventory,turn|humor_aside|character,4,10,0,0,2,0,1,2,0,1,0,0,4
FS00194,10.6,2,V001-P001-C022-S000,2627,2639,5333,5357,13,712,18,35.0,humor_aside,narration|character|closure,1,19,0,0,1,0,1,4,7,2,2,2,0
FS00195,10.65,2,V001-P001-C022-S000,2640,2647,5359,5373,8,485,13,30,narration,inventory|turn|closure,5,14,1,0,2,0,5,0,2,0,1,0,3
FS00196,10.7,2,V001-P001-C023-S000,2648,2664,5378,5410,17,728,19,28,humor_aside,judgment|turn|character,7,36,2,1,3,3,4,12,2,4,4,0,1
FS00197,10.76,2,V001-P001-C023-S000,2665,2677,5412,5436,13,700,19,33,character,narration|explanation|turn,1,15,2,1,1,0,4,0,2,4,0,0,1
FS00198,10.81,2,V001-P001-C023-S000,2678,2690,5438,5462,13,695,17,35,humor_aside,character|judgment|narration,4,23,2,0,0,2,4,6,2,5,2,0,0
FS00199,10.87,2,V001-P001-C023-S000,2691,2702,5464,5486,12,713,19,31,judgment,dialogue_scene|humor_aside|narration,1,14,0,0,0,3,4,2,0,1,0,4,0
FS00200,10.92,2,V001-P001-C023-S000,2703,2713,5488,5508,11,747,19,38,judgment,turn|narration|character,7,10,0,0,2,2,3,0,1,1,0,0,1
FS00201,10.98,2,V001-P001-C023-S000,2714,2728,5510,5538,15,742,19,36,inventory,character|humor_aside|narration,3,19,5,0,1,1,1,2,3,2,1,0,3
FS00202,11.03,2,V001-P001-C023-S000,2729,2738,5540,5558,10,728,16,39.0,narration,closure|humor_aside|inventory,3,20,1,0,1,1,4,2,7,0,2,0,2
FS00203,11.09,2,V001-P001-C023-S000,2739,2752,5560,5586,14,744,19,33,turn,character|humor_aside|narration,4,16,0,1,3,1,0,2,4,3,1,0,1
FS00204,11.14,2,V001-P001-C023-S000,2753,2765,5588,5612,13,678,17,34,character,turn|explanation|dialogue_scene,3,17,5,1,2,0,1,0,1,5,0,2,0
FS00205,11.2,2,V001-P001-C023-S000,2766,2781,5614,5644,16,725,22,31.5,turn,character|narration|judgment,4,21,1,0,5,1,4,0,2,7,0,0,1
FS00206,11.25,2,V001-P001-C023-S000,2782,2796,5646,5674,15,735,21,35,character,turn|closure|narration,1,23,8,0,3,0,0,0,2,7,3,0,0
FS00207,11.31,2,V001-P001-C023-S000,2797,2807,5676,5696,11,727,18,43.0,judgment,explanation|humor_aside|narration,5,16,2,2,1,5,3,2,1,0,0,0,0
FS00208,11.36,2,V001-P001-C023-S000,2808,2821,5698,5724,14,692,18,38.5,turn,humor_aside|character|closure,5,12,0,0,4,0,1,4,1,1,1,0,0
FS00209,11.41,2,V001-P001-C023-S000,2822,2831,5726,5744,10,748,15,48,judgment,narration|turn|character,3,11,3,0,1,2,2,0,1,1,0,1,0
FS00210,11.47,2,V001-P001-C023-S000,2832,2845,5746,5772,14,755,18,38.0,explanation,character|dialogue_scene|judgment,3,16,3,3,1,1,0,0,0,4,0,4,0
FS00211,11.52,2,V001-P001-C023-S000,2846,2873,5774,5828,28,689,23,25,character,turn|closure|humor_aside,2,16,4,0,2,0,3,2,0,3,2,0,0
FS00212,11.58,2,V001-P002-C024-S000,2874,2885,5835,5857,12,718,15,34,explanation,turn|narration|dialogue_scene,4,17,2,2,2,1,1,0,4,1,1,2,1
FS00213,11.63,2,V001-P002-C024-S000,2886,2899,5859,5885,14,726,17,37,character,explanation|closure|turn,3,10,0,2,1,0,1,0,0,3,2,0,1
FS00214,11.69,2,V001-P002-C024-S000,2900,2913,5887,5913,14,657,18,34.0,dialogue_scene,turn|humor_aside|narration,2,26,8,0,2,1,2,2,2,1,0,8,0
FS00215,11.74,2,V001-P002-C024-S000,2914,2923,5915,5933,10,754,10,70.0,dialogue_scene,character|narration|explanation,4,19,2,1,1,1,2,0,2,2,1,6,1
FS00216,11.8,2,V001-P002-C024-S000,2924,2934,5935,5955,11,745,14,47.0,dialogue_scene,explanation|closure|humor_aside,3,23,8,1,1,1,2,2,2,0,2,3,1
FS00217,11.85,2,V001-P002-C024-S000,2935,2949,5957,5985,15,673,16,39.0,dialogue_scene,narration|turn|character,0,17,2,0,1,0,0,0,4,1,0,8,1
FS00218,11.91,2,V001-P002-C025-S000,2950,2962,5990,6014,13,751,21,29,explanation,character|narration|inventory,3,16,0,3,1,1,2,0,3,3,0,1,2
FS00219,11.96,2,V001-P002-C025-S000,2963,2981,6016,6052,19,754,21,31,dialogue_scene,character|inventory|judgment,2,32,2,0,1,2,2,2,3,3,0,14,3
FS00220,12.02,2,V001-P002-C025-S000,2982,2992,6054,6074,11,722,18,36.5,explanation,inventory|judgment|narration,2,21,1,4,1,2,2,2,4,0,0,0,5
FS00221,12.07,2,V001-P002-C025-S000,2993,3000,6076,6090,8,683,16,35.5,character,explanation|inventory|judgment,0,9,0,1,0,1,1,0,2,2,0,0,2
FS00222,12.12,2,V001-P002-C025-S000,3001,3012,6092,6114,12,707,16,38.0,humor_aside,turn|dialogue_scene|narration,4,19,5,0,2,1,4,4,0,0,0,2,1
FS00223,12.18,2,V001-P002-C025-S000,3013,3023,6116,6136,11,728,14,52.0,narration,dialogue_scene|inventory|judgment,1,13,2,0,0,1,4,0,1,1,0,2,2
FS00224,12.23,2,V001-P002-C025-S000,3024,3035,6138,6160,12,759,17,45,dialogue_scene,explanation|narration|inventory,4,27,5,2,1,1,0,0,7,0,0,9,2
FS00225,12.29,2,V001-P002-C025-S000,3036,3041,6162,6175,6,494,14,35.5,turn,narration|explanation,4,8,0,1,3,0,4,0,0,0,0,0,0
FS00226,12.34,2,V001-P002-C026-S000,3042,3055,6177,6203,14,719,19,38,dialogue_scene,explanation|narration|humor_aside,4,17,1,2,1,0,3,2,3,1,0,4,0
FS00227,12.4,2,V001-P002-C026-S000,3056,3066,6205,6225,11,720,17,43,explanation,humor_aside|inventory|narration,4,12,1,3,0,0,1,2,3,0,0,0,2
FS00228,12.45,2,V001-P002-C026-S000,3067,3077,6227,6247,11,757,17,42,judgment,narration|dialogue_scene|inventory,3,20,0,1,1,5,4,0,4,1,0,2,2
FS00229,12.51,2,V001-P002-C026-S000,3078,3098,6249,6289,21,740,21,29,turn,dialogue_scene|humor_aside|narration,8,27,1,1,6,1,5,4,2,1,0,6,0
FS00230,12.56,2,V001-P002-C026-S000,3099,3109,6291,6311,11,712,16,39.0,dialogue_scene,inventory|judgment|character,1,29,3,0,1,3,2,2,1,2,2,8,5
FS00231,12.62,2,V001-P002-C026-S000,3110,3126,6313,6345,17,704,21,26,dialogue_scene,humor_aside|turn|narration,4,24,3,0,2,1,3,4,1,1,1,8,0
FS00232,12.67,2,V001-P002-C026-S000,3127,3135,6347,6363,9,733,22,31.5,explanation,judgment|turn|narration,2,4,0,2,1,1,0,0,0,0,0,0,0
FS00233,12.73,2,V001-P002-C026-S000,3136,3144,6365,6384,9,520,16,29.5,dialogue_scene,judgment|humor_aside|turn,0,12,1,0,1,2,0,2,1,1,0,4,0
FS00234,12.78,2,V001-P002-C027-S000,3145,3160,6386,6416,16,742,24,25.0,turn,narration|explanation|judgment,6,15,2,1,4,1,6,0,0,0,0,0,1
FS00235,12.83,2,V001-P002-C027-S000,3161,3171,6418,6438,11,718,15,33,dialogue_scene,turn|explanation|narration,6,18,1,2,3,1,1,0,3,0,1,6,0
FS00236,12.89,2,V001-P002-C027-S000,3172,3183,6440,6462,12,721,19,38,judgment,narration|explanation|dialogue_scene,2,21,1,2,1,3,2,0,7,2,0,3,0
FS00237,12.94,2,V001-P002-C027-S000,3184,3194,6464,6484,11,696,17,38,turn,judgment|narration|closure,5,14,0,0,4,2,4,0,2,0,2,0,0
FS00238,13.0,2,V001-P002-C027-S000,3195,3205,6486,6506,11,670,20,33.5,dialogue_scene,explanation|judgment|turn,4,11,2,1,1,1,0,0,1,1,1,3,0
FS00239,13.05,2,V001-P002-C027-S000,3206,3221,6508,6538,16,743,20,37.5,turn,character|inventory|dialogue_scene,9,14,2,0,5,0,1,0,0,3,0,1,2
FS00240,13.11,2,V001-P002-C027-S000,3222,3233,6540,6562,12,729,20,40.0,judgment,character|turn|narration,2,12,0,0,2,3,2,0,1,3,0,1,0
FS00241,13.16,2,V001-P002-C027-S000,3234,3244,6564,6584,11,656,18,34.0,turn,narration|character|explanation,4,16,1,1,3,0,3,0,4,3,1,0,0
FS00242,13.22,2,V001-P002-C027-S000,3245,3255,6586,6606,11,702,20,29.5,judgment,turn|narration,1,4,1,0,1,2,0,0,0,0,0,0,0
FS00243,13.27,2,V001-P002-C027-S000,3256,3269,6608,6634,14,744,18,39.0,turn,narration|judgment|character,5,22,6,0,3,2,5,0,3,2,0,0,1
FS00244,13.33,2,V001-P002-C027-S000,3270,3284,6636,6664,15,679,26,27.5,dialogue_scene,character|turn|judgment,2,17,3,0,2,1,1,0,1,3,1,4,1
FS00245,13.38,2,V001-P002-C027-S000,3285,3293,6666,6682,9,701,19,32,narration,turn|dialogue_scene,5,18,0,0,4,0,3,0,9,0,0,2,0
FS00246,13.44,2,V001-P002-C027-S000,3294,3305,6684,6706,12,686,19,34,dialogue_scene,turn|narration|closure,4,32,8,0,3,0,3,0,0,0,1,17,0
FS00247,13.49,2,V001-P002-C028-S000,3306,3316,6711,6731,11,725,15,49,turn,character|narration|judgment,5,10,0,0,2,1,2,0,2,2,1,0,0
FS00248,13.54,2,V001-P002-C028-S000,3317,3326,6733,6751,10,673,15,41,explanation,humor_aside|judgment|turn,1,8,0,1,1,1,2,2,0,0,0,0,1
FS00249,13.6,2,V001-P002-C028-S000,3327,3333,6753,6765,7,744,13,37,turn,narration|character|humor_aside,6,25,0,1,5,1,7,2,6,2,0,0,1
FS00250,13.65,2,V001-P002-C028-S000,3334,3341,6767,6781,8,710,14,55.0,judgment,turn|narration|character,2,11,0,0,2,4,2,0,2,1,0,0,0
FS00251,13.71,2,V001-P002-C028-S000,3342,3352,6783,6803,11,702,19,34,turn,dialogue_scene|narration|character,2,11,1,0,2,0,1,0,3,1,0,2,1
FS00252,13.76,2,V001-P002-C028-S000,3353,3362,6805,6823,10,716,18,26.0,judgment,explanation|narration|turn,3,16,0,1,2,3,3,2,3,2,0,0,0
FS00253,13.82,2,V001-P002-C028-S000,3363,3378,6825,6855,16,756,19,39,character,judgment|dialogue_scene|explanation,2,14,0,1,1,3,0,0,1,5,0,2,1
FS00254,13.87,2,V001-P002-C028-S000,3379,3388,6857,6875,10,734,18,40.5,dialogue_scene,turn|humor_aside|explanation,6,22,3,1,4,1,1,2,2,1,1,6,0
FS00255,13.93,2,V001-P002-C028-S000,3389,3401,6877,6901,13,750,17,35,turn,narration|character|inventory,4,18,5,0,3,0,5,0,2,2,0,0,1
FS00256,13.98,2,V001-P002-C028-S000,3402,3411,6903,6921,10,681,16,32.0,turn,closure|dialogue_scene|explanation,2,11,0,1,2,0,3,0,0,1,2,2,0
FS00257,14.04,2,V001-P002-C028-S000,3412,3422,6923,6943,11,700,16,45.5,narration,turn|closure|dialogue_scene,5,20,2,0,3,1,7,0,2,0,3,2,0
FS00258,14.09,2,V001-P002-C028-S000,3423,3432,6945,6963,10,752,20,42.5,dialogue_scene,narration|judgment,3,15,2,0,0,1,4,0,2,0,0,6,0
FS00259,14.15,2,V001-P002-C028-S000,3433,3440,6965,6979,8,709,17,35,closure,dialogue_scene|narration|explanation,1,11,0,1,0,0,1,0,3,1,3,2,0
FS00260,14.2,2,V001-P002-C028-S000,3441,3446,6981,6994,6,547,14,40.0,judgment,closure|turn|narration,5,14,0,0,2,5,2,0,1,1,3,0,0
FS00261,14.25,2,V001-P002-C029-S000,3447,3459,6996,7020,13,712,20,33.5,dialogue_scene,explanation|turn|narration,5,31,5,3,3,0,1,2,4,2,1,9,1
FS00262,14.31,2,V001-P002-C029-S000,3460,3473,7022,7048,14,755,22,32.5,dialogue_scene,character|narration|humor_aside,0,24,8,1,0,0,0,2,6,3,0,4,0
FS00263,14.36,2,V001-P002-C029-S000,3474,3483,7050,7068,10,750,17,37,turn,narration|character|inventory,3,14,0,0,3,0,4,0,4,2,0,0,1
FS00264,14.42,2,V001-P002-C029-S000,3484,3492,7070,7086,9,759,13,47,dialogue_scene,turn|closure|narration,1,5,0,0,1,0,0,0,1,0,1,2,0
FS00265,14.47,2,V001-P002-C029-S000,3493,3500,7088,7102,8,757,12,53.0,turn,narration|dialogue_scene|explanation,3,13,2,0,3,0,3,0,3,0,0,2,0
FS00266,14.53,2,V001-P002-C029-S000,3501,3509,7104,7120,9,685,18,36.5,explanation,turn|dialogue_scene|judgment,6,25,3,4,4,2,6,0,0,2,0,3,1
FS00267,14.58,2,V001-P002-C029-S000,3510,3519,7122,7140,10,746,11,62,turn,narration|explanation|character,6,12,0,1,5,0,3,0,1,1,0,0,1
FS00268,14.64,2,V001-P002-C029-S000,3520,3528,7142,7158,9,628,12,56.5,character,humor_aside|judgment|narration,1,9,0,0,1,1,2,2,1,2,0,0,0
FS00269,14.69,2,V001-P002-C029-S000,3529,3536,7160,7174,8,729,16,43.0,turn,character|judgment|narration,3,14,0,0,3,2,1,0,2,4,1,0,1
FS00270,14.75,2,V001-P002-C029-S000,3537,3542,7176,7186,6,740,10,71.5,turn,explanation|dialogue_scene|narration,7,23,0,3,4,0,4,0,4,3,0,4,1
FS00271,14.8,2,V001-P002-C029-S000,3543,3553,7188,7208,11,728,18,35.0,turn,narration|character|dialogue_scene,5,18,4,0,3,0,4,0,2,2,1,2,0
FS00272,14.86,2,V001-P002-C029-S000,3554,3565,7210,7232,12,719,18,37.5,dialogue_scene,turn|narration|explanation,2,16,2,1,2,1,3,0,2,1,0,3,1
FS00273,14.91,2,V001-P002-C029-S000,3566,3569,7234,7243,4,460,8,47.5,explanation,narration|turn,2,7,0,2,1,0,4,0,0,0,0,0,0
FS00274,14.96,2,V001-P002-C030-S000,3570,3578,7245,7261,9,728,15,45,narration,character|closure|explanation,3,19,0,1,1,1,8,0,1,3,2,1,1
FS00275,15.02,2,V001-P002-C030-S000,3579,3590,7263,7285,12,760,17,46,dialogue_scene,judgment|inventory|closure,1,15,2,0,0,2,1,0,1,0,1,6,2
FS00276,15.07,2,V001-P002-C030-S000,3591,3601,7287,7307,11,715,16,45.5,turn,character|dialogue_scene|judgment,3,24,4,0,4,2,2,2,2,3,0,3,2
FS00277,15.13,2,V001-P002-C030-S000,3602,3609,7309,7323,8,735,14,56.0,turn,narration|explanation|character,9,16,0,2,5,0,3,0,4,1,1,0,0
FS00278,15.18,2,V001-P002-C030-S000,3610,3619,7325,7343,10,748,17,37,turn,judgment|character|narration,2,9,0,0,3,2,1,0,1,2,0,0,0
FS00279,15.24,2,V001-P002-C030-S000,3620,3629,7345,7363,10,670,14,44.0,dialogue_scene,turn|closure|narration,4,18,0,0,3,1,4,0,0,1,2,6,1
FS00280,15.29,2,V001-P002-C030-S000,3630,3639,7365,7383,10,731,23,30,character,judgment|dialogue_scene|inventory,1,16,0,0,1,2,2,0,1,5,1,2,2
FS00281,15.35,2,V001-P002-C030-S000,3640,3647,7385,7399,8,755,18,44.0,judgment,dialogue_scene|narration|closure,2,21,2,0,1,5,2,0,3,0,2,5,1
FS00282,15.4,2,V001-P002-C030-S000,3648,3654,7401,7413,7,623,14,35.0,narration,closure|inventory|character,2,11,1,0,0,0,1,0,4,1,2,0,2
FS00283,15.46,2,V001-P002-C030-S000,3655,3663,7415,7431,9,693,19,35,character,narration|turn|explanation,2,15,2,1,2,0,4,0,2,4,0,0,0
FS00284,15.51,2,V001-P002-C030-S000,3664,3676,7433,7457,13,760,19,30,turn,dialogue_scene|humor_aside|explanation,5,22,5,1,3,1,3,4,0,0,1,4,0
FS00285,15.57,2,V001-P002-C030-S000,3677,3685,7459,7475,9,703,16,36.0,turn,narration|closure|character,5,13,0,0,4,0,3,0,2,1,2,0,1
FS00286,15.62,2,V001-P002-C030-S000,3686,3692,7477,7489,7,750,16,41.5,turn,explanation|narration|humor_aside,6,20,0,4,5,0,5,2,4,0,0,0,0
FS00287,15.67,2,V001-P002-C030-S000,3693,3699,7491,7506,7,549,12,42.5,dialogue_scene,judgment|narration|closure,1,21,2,0,0,2,1,0,2,0,1,12,1
FS00288,15.73,2,V001-P002-C031-S000,3700,3712,7508,7532,13,743,18,38.0,turn,narration|character|inventory,5,13,1,0,4,0,6,0,0,1,0,0,1
FS00289,15.78,2,V001-P002-C031-S000,3713,3722,7534,7552,10,744,18,36.5,dialogue_scene,judgment|humor_aside|explanation,3,19,3,1,1,2,3,2,0,1,0,6,0
FS00290,15.84,2,V001-P002-C031-S000,3723,3732,7554,7572,10,704,17,37,character,explanation|turn|narration,5,21,0,3,3,0,3,0,2,7,1,2,0
FS00291,15.89,2,V001-P002-C031-S000,3733,3741,7574,7590,9,739,18,37.5,dialogue_scene,explanation|narration|turn,8,28,3,3,3,0,5,0,4,2,2,6,0
FS00292,15.95,2,V001-P002-C031-S000,3742,3753,7592,7614,12,711,20,30.0,narration,judgment|turn|dialogue_scene,4,22,1,1,3,3,8,0,2,0,0,4,0
FS00293,16.0,2,V001-P002-C031-S000,3754,3765,7616,7638,12,690,20,31.0,character,closure|dialogue_scene|narration,3,14,2,0,1,1,2,0,2,2,2,2,0
FS00294,16.06,2,V001-P002-C031-S000,3766,3782,7640,7672,17,739,19,34,dialogue_scene,narration|turn|inventory,3,23,8,0,2,1,2,0,4,0,0,4,2
FS00295,16.11,2,V001-P002-C031-S000,3783,3796,7674,7700,14,756,20,42.5,dialogue_scene,explanation|narration|turn,10,29,2,3,2,0,3,0,4,1,2,12,0
FS00296,16.17,2,V001-P002-C031-S000,3797,3827,7702,7762,31,718,31,11,dialogue_scene,turn|judgment|character,3,33,7,0,2,1,1,0,1,1,1,18,1
FS00297,16.22,2,V001-P002-C031-S000,3828,3841,7764,7790,14,724,18,37.5,dialogue_scene,narration|closure|turn,7,28,3,0,2,0,4,1,7,1,3,7,0
FS00298,16.28,2,V001-P002-C031-S000,3842,3850,7792,7815,9,469,15,27,narration,character|judgment|turn,3,21,6,0,2,2,3,0,4,3,1,0,0
FS00299,16.33,2,V002-P003-C032-S000,3851,3856,7817,7827,6,674,14,46.5,judgment,turn|narration|character,6,23,1,0,3,3,3,0,5,3,1,2,2
FS00300,16.38,2,V002-P003-C032-S000,3857,3862,7829,7839,6,666,16,32.5,humor_aside,dialogue_scene|judgment|turn,2,31,8,1,2,2,0,8,5,0,0,4,1
FS00301,16.44,2,V002-P003-C032-S000,3863,3873,7841,7861,11,699,21,31,dialogue_scene,humor_aside|inventory|judgment,2,32,4,0,0,2,1,10,1,0,0,10,4
FS00302,16.49,2,V002-P003-C032-S000,3874,3882,7863,7879,9,708,15,49,dialogue_scene,explanation|character|judgment,4,21,3,2,1,1,2,0,1,2,0,9,0
FS00303,16.55,2,V002-P003-C032-S000,3883,3900,7881,7915,18,675,21,23,humor_aside,turn|narration|closure,6,36,5,1,4,1,2,13,5,0,2,2,1
FS00304,16.6,2,V002-P003-C032-S000,3901,3911,7917,7937,11,755,20,37.5,dialogue_scene,judgment|character|narration,5,45,5,1,1,5,0,2,9,6,2,11,3
FS00305,16.66,2,V002-P003-C032-S000,3912,3926,7939,7967,15,760,16,47.0,narration,character|closure|turn,4,31,7,0,2,1,0,2,10,4,4,0,1
FS00306,16.71,2,V002-P003-C032-S000,3927,3940,7969,7995,14,749,24,26.5,character,humor_aside|turn|closure,5,32,6,0,4,2,0,6,2,6,4,0,2
FS00307,16.77,2,V002-P003-C032-S000,3941,3951,7997,8017,11,730,16,44.5,dialogue_scene,explanation|judgment|closure,4,22,5,2,1,2,1,2,2,0,2,5,0
FS00308,16.82,2,V002-P003-C032-S000,3952,3958,8019,8031,7,674,13,43,dialogue_scene,narration|character|explanation,2,20,2,1,0,0,2,0,6,2,1,6,0
FS00309,16.88,2,V002-P003-C032-S000,3959,3963,8033,8041,5,490,10,47.0,narration,dialogue_scene|explanation|humor_aside,1,17,0,1,1,0,2,2,7,1,0,2,1
FS00310,16.93,2,V002-P003-C033-S000,3964,3971,8046,8060,8,684,15,34,narration,humor_aside|judgment|character,1,32,3,0,0,3,1,6,16,2,1,0,0
FS00311,16.99,2,V002-P003-C033-S000,3972,3981,8062,8080,10,740,15,43,judgment,explanation|narration|closure,6,26,7,2,0,4,0,2,6,1,2,2,0
FS00312,17.04,2,V002-P003-C033-S000,3982,3994,8082,8106,13,719,15,47,humor_aside,narration|inventory|judgment,3,28,4,0,1,2,2,6,7,1,2,0,3
FS00313,17.09,2,V002-P003-C033-S000,3995,4005,8108,8128,11,732,19,36,turn,humor_aside|narration|dialogue_scene,7,26,3,1,7,1,3,4,4,1,0,2,0
FS00314,17.15,2,V002-P003-C033-S000,4006,4017,8130,8152,12,701,17,31,turn,narration|inventory|explanation,5,27,3,1,5,1,7,2,3,2,0,0,3
FS00315,17.2,2,V002-P003-C033-S000,4018,4030,8154,8178,13,716,24,30.0,dialogue_scene,inventory|judgment|humor_aside,4,37,4,1,1,3,1,4,4,2,3,9,5
FS00316,17.26,2,V002-P003-C033-S000,4031,4047,8180,8212,17,737,21,34,dialogue_scene,turn|humor_aside|explanation,7,42,8,2,3,0,5,4,1,1,2,16,0
FS00317,17.31,2,V002-P003-C033-S000,4048,4060,8214,8238,13,724,18,43.0,dialogue_scene,turn|closure|narration,6,31,3,0,5,0,5,2,1,2,3,8,2
FS00318,17.37,2,V002-P003-C033-S000,4061,4068,8240,8254,8,695,17,41,humor_aside,judgment|dialogue_scene|turn,7,24,2,0,2,3,2,6,3,0,2,4,0
FS00319,17.42,2,V002-P003-C033-S000,4069,4078,8256,8274,10,704,15,36,humor_aside,judgment|narration|explanation,2,24,12,1,0,2,3,3,1,0,1,0,1
FS00320,17.48,2,V002-P003-C033-S000,4079,4088,8276,8294,10,649,16,35.0,turn,humor_aside|narration|judgment,3,16,2,0,3,1,3,4,2,0,0,0,1
FS00321,17.53,2,V002-P003-C033-S000,4089,4101,8296,8320,13,739,19,34,turn,humor_aside|narration|closure,4,28,7,0,3,0,6,4,2,1,2,1,2
FS00322,17.59,2,V002-P003-C033-S000,4102,4112,8322,8342,11,615,17,25,explanation,turn|closure|narration,5,17,10,2,2,0,2,0,0,0,1,0,0
FS00323,17.64,2,V002-P003-C033-S000,4113,4123,8344,8364,11,727,15,46,dialogue_scene,narration|character|inventory,4,39,3,0,2,0,3,2,10,4,0,12,3
FS00324,17.7,2,V002-P003-C033-S000,4124,4131,8366,8380,8,734,15,38,humor_aside,narration|turn|judgment,7,43,8,0,4,2,4,10,12,0,2,0,1
FS00325,17.75,2,V002-P003-C033-S000,4132,4142,8382,8402,11,722,17,37,explanation,judgment|turn|closure,7,18,4,2,2,2,1,0,1,0,2,2,2
FS00326,17.8,2,V002-P003-C033-S000,4143,4158,8404,8434,16,756,21,31,dialogue_scene,humor_aside|judgment|turn,6,35,3,2,3,3,2,8,4,0,0,8,2
FS00327,17.86,2,V002-P003-C033-S000,4159,4168,8436,8454,10,684,19,31,inventory,narration|turn|humor_aside,5,32,9,0,3,1,6,4,3,0,0,1,5
FS00328,17.91,2,V002-P003-C033-S000,4169,4180,8456,8478,12,733,17,40,humor_aside,turn|narration|closure,5,22,1,0,4,0,4,8,3,0,1,0,1
FS00329,17.97,2,V002-P003-C033-S000,4181,4193,8480,8504,13,700,17,37,humor_aside,judgment|dialogue_scene|closure,4,27,5,1,0,3,1,8,2,0,3,4,0
FS00330,18.02,2,V002-P003-C034-S000,4194,4207,8509,8535,14,748,17,42,turn,narration|explanation|humor_aside,4,18,4,0,3,0,3,2,4,0,1,0,1
FS00331,18.08,2,V002-P003-C034-S000,4208,4216,8537,8553,9,660,16,29.5,humor_aside,judgment|narration|explanation,1,21,4,0,0,2,1,10,4,0,0,0,0
FS00332,18.13,2,V002-P003-C034-S000,4217,4227,8555,8575,11,737,14,38.5,closure,judgment|character|humor_aside,4,27,12,1,1,2,3,2,0,2,3,1,0
FS00333,18.19,2,V002-P003-C034-S000,4228,4236,8577,8593,9,680,13,50,humor_aside,closure|judgment|dialogue_scene,4,28,3,1,1,2,3,8,1,0,7,2,0
FS00334,18.24,2,V002-P003-C034-S000,4237,4247,8595,8615,11,701,15,41,dialogue_scene,narration|explanation|humor_aside,4,29,5,1,1,0,3,2,9,0,1,6,1
FS00335,18.3,2,V002-P003-C034-S000,4248,4255,8617,8631,8,644,12,56.5,judgment,turn|narration|closure,6,29,5,1,4,5,2,0,7,1,3,1,0
FS00336,18.35,2,V002-P003-C035-S000,4256,4265,8636,8654,10,688,13,49,character,turn|humor_aside|narration,3,20,4,0,2,1,3,2,1,4,1,1,1
FS00337,18.41,2,V002-P003-C035-S000,4266,4276,8656,8676,11,751,14,55.0,closure,narration|turn|character,6,23,4,0,2,1,3,2,4,2,4,1,0
FS00338,18.46,2,V002-P003-C035-S000,4277,4288,8678,8700,12,746,12,65.5,humor_aside,narration|judgment|dialogue_scene,4,34,6,0,1,3,4,6,7,1,2,4,0
FS00339,18.51,2,V002-P003-C035-S000,4289,4297,8702,8718,9,714,9,71,narration,humor_aside|explanation|judgment,2,26,4,2,0,1,6,4,8,0,1,0,0
FS00340,18.57,2,V002-P003-C035-S000,4298,4308,8720,8740,11,734,15,48,narration,dialogue_scene|humor_aside|turn,1,21,4,0,1,0,3,2,7,1,1,2,0
FS00341,18.62,2,V002-P003-C035-S000,4309,4320,8742,8764,12,736,16,41.0,dialogue_scene,explanation|narration|turn,5,43,5,4,2,1,4,2,3,0,0,21,1
FS00342,18.68,2,V002-P003-C035-S000,4321,4332,8766,8788,12,718,13,36,dialogue_scene,humor_aside|explanation|judgment,2,20,7,1,1,1,1,2,2,1,1,3,0
FS00343,18.73,2,V002-P003-C035-S000,4333,4346,8790,8816,14,728,16,39.5,turn,closure|narration|humor_aside,7,22,4,0,3,0,3,2,4,0,4,1,1
FS00344,18.79,2,V002-P003-C035-S000,4347,4359,8818,8842,13,749,13,55,humor_aside,turn|judgment|closure,9,20,2,1,3,2,3,5,0,0,2,0,2
FS00345,18.84,2,V002-P003-C035-S000,4360,4374,8844,8872,15,724,16,45.5,turn,humor_aside|judgment|character,4,12,0,0,4,1,2,4,0,1,0,0,0
FS00346,18.9,2,V002-P003-C035-S000,4375,4383,8874,8890,9,696,12,64.0,explanation,closure|humor_aside|turn,5,10,1,2,1,0,1,2,1,0,2,0,0
FS00347,18.95,2,V002-P003-C035-S000,4384,4397,8892,8918,14,696,12,61.0,humor_aside,inventory|narration|judgment,6,32,0,0,1,1,3,23,1,0,1,0,2
FS00348,19.01,2,V002-P003-C035-S000,4398,4411,8920,8946,14,710,16,37.0,humor_aside,judgment|narration|closure,5,24,3,0,1,3,4,10,1,0,2,0,0
FS00349,19.06,2,V002-P003-C035-S000,4412,4423,8948,8970,12,747,15,43,humor_aside,turn|narration|dialogue_scene,4,31,5,0,4,0,2,10,5,0,2,3,0
FS00350,19.12,2,V002-P003-C035-S000,4424,4436,8972,8996,13,717,17,38,turn,narration|dialogue_scene|humor_aside,8,40,5,0,8,0,11,4,4,1,0,4,3
FS00351,19.17,2,V002-P003-C035-S000,4437,4451,8998,9026,15,719,17,35,turn,narration|inventory|judgment,5,26,4,1,5,2,5,0,2,0,2,2,3
FS00352,19.22,2,V002-P003-C035-S000,4452,4460,9028,9047,9,489,10,51.5,explanation,narration|turn|closure,3,11,3,3,1,0,1,0,2,0,1,0,0
FS00353,19.28,2,V002-P003-C036-S000,4461,4470,9049,9067,10,733,13,46,dialogue_scene,turn|narration|explanation,3,17,4,1,2,0,3,0,2,1,0,4,0
FS00354,19.33,2,V002-P003-C036-S000,4471,4477,9069,9081,7,750,13,58,narration,humor_aside|judgment|explanation,3,26,3,1,0,2,5,5,7,1,1,0,1
FS00355,19.39,2,V002-P003-C036-S000,4478,4491,9083,9109,14,730,15,51,humor_aside,narration|turn|dialogue_scene,4,38,2,0,3,1,9,12,4,1,1,3,2
FS00356,19.44,2,V002-P003-C036-S000,4492,4503,9111,9133,12,697,15,52,turn,narration|humor_aside|dialogue_scene,3,21,0,0,4,0,2,4,8,0,0,2,1
FS00357,19.5,2,V002-P003-C036-S000,4504,4517,9135,9161,14,732,18,36.5,turn,judgment|dialogue_scene|humor_aside,5,17,1,1,4,2,1,2,3,0,1,2,0
FS00358,19.55,2,V002-P003-C036-S000,4518,4536,9163,9199,19,728,19,40,turn,narration|closure|humor_aside,5,13,0,0,3,1,1,2,4,0,2,0,0
FS00359,19.61,2,V002-P003-C036-S000,4537,4550,9201,9227,14,721,17,42,dialogue_scene,humor_aside|narration|turn,3,26,2,0,2,1,0,4,8,0,1,6,2
FS00360,19.66,2,V002-P003-C036-S000,4551,4562,9229,9251,12,651,14,47.0,turn,narration|dialogue_scene,3,13,1,0,3,0,3,0,5,0,0,1,0
FS00361,19.72,2,V002-P003-C036-S000,4563,4572,9253,9271,10,747,15,37,explanation,judgment|turn|narration,5,13,3,2,2,2,1,0,2,0,1,0,0
FS00362,19.77,2,V002-P003-C036-S000,4573,4579,9273,9285,7,559,8,67.5,humor_aside,turn|closure|narration,4,15,0,0,3,0,3,6,1,0,2,0,0
FS00363,19.83,2,V002-P003-C037-S000,4580,4587,9290,9304,8,744,11,47,humor_aside,turn|closure|inventory,8,28,7,0,4,0,1,6,3,1,3,0,3
FS00364,19.88,2,V002-P003-C037-S000,4588,4596,9306,9322,9,716,12,52.5,humor_aside,narration|inventory|judgment,2,19,3,0,0,1,3,8,2,0,0,0,2
FS00365,19.93,2,V002-P003-C037-S000,4597,4609,9324,9348,13,756,13,56,humor_aside,character|inventory|explanation,4,14,1,1,1,0,1,4,0,3,1,0,2
FS00366,19.99,2,V002-P003-C037-S000,4610,4619,9350,9368,10,740,14,45.5,humor_aside,turn|judgment|narration,3,25,3,0,4,2,1,6,5,1,1,2,0
FS00367,20.04,2,V002-P003-C037-S000,4620,4632,9370,9394,13,753,14,50.0,turn,dialogue_scene|narration|humor_aside,7,34,6,0,7,0,5,4,4,0,0,6,2
FS00368,20.1,3,V002-P003-C037-S000,4633,4645,9396,9420,13,756,17,41,narration,turn|character|dialogue_scene,5,25,2,1,3,1,5,2,7,2,0,2,0
FS00369,20.15,3,V002-P003-C037-S000,4646,4659,9422,9448,14,743,16,34.0,dialogue_scene,judgment|turn|closure,1,13,0,0,1,1,0,0,2,0,1,7,1
FS00370,20.21,3,V002-P003-C037-S000,4660,4672,9450,9474,13,731,15,42,dialogue_scene,humor_aside|turn|closure,4,17,1,0,2,0,3,4,0,0,2,4,1
FS00371,20.26,3,V002-P003-C037-S000,4673,4685,9476,9500,13,675,16,38.5,turn,humor_aside|narration|character,2,10,1,0,2,0,2,2,2,1,0,0,0
FS00372,20.32,3,V002-P003-C037-S000,4686,4694,9502,9518,9,617,15,32,turn,narration|judgment,6,12,0,0,4,1,1,0,6,0,0,0,0
FS00373,20.37,3,V002-P003-C037-S000,4695,4699,9520,9531,5,521,8,62.0,humor_aside,closure|turn|character,1,13,2,0,1,0,0,6,1,1,2,0,0
FS00374,20.43,3,V002-P003-C038-S000,4700,4715,9533,9563,16,756,19,31,dialogue_scene,turn|character|narration,7,47,7,0,6,1,6,2,2,5,1,17,0
FS00375,20.48,3,V002-P003-C038-S000,4716,4726,9565,9585,11,711,13,48,humor_aside,narration|character|closure,1,7,0,0,0,0,2,2,1,1,1,0,0
FS00376,20.54,3,V002-P003-C038-S000,4727,4742,9587,9617,16,709,19,34,narration,character|dialogue_scene|humor_aside,1,21,1,0,0,1,0,2,10,4,1,2,0
FS00377,20.59,3,V002-P003-C038-S000,4743,4755,9619,9643,13,744,16,47.0,dialogue_scene,turn|closure|narration,1,8,0,0,1,0,1,0,1,0,1,4,0
FS00378,20.64,3,V002-P003-C038-S000,4756,4772,9645,9677,17,666,22,31.0,turn,narration|dialogue_scene|inventory,3,10,0,0,2,0,3,0,2,0,0,2,1
FS00379,20.7,3,V002-P003-C038-S000,4773,4782,9679,9697,10,732,10,68.5,dialogue_scene,humor_aside|character|narration,0,11,1,0,0,0,0,4,1,1,0,4,0
FS00380,20.75,3,V002-P003-C038-S000,4783,4794,9699,9721,12,731,12,58.0,narration,turn|closure|humor_aside,4,19,3,1,2,0,3,2,5,0,2,0,1
FS00381,20.81,3,V002-P003-C038-S000,4795,4806,9723,9745,12,724,14,45.0,explanation,closure|judgment|narration,6,14,5,1,0,1,1,0,2,0,3,0,1
FS00382,20.86,3,V002-P003-C038-S000,4807,4816,9747,9765,10,621,11,48,narration,judgment|turn|inventory,2,15,5,0,1,1,2,0,5,0,0,0,1
FS00383,20.92,3,V002-P003-C038-S000,4817,4826,9767,9785,10,715,13,49,turn,judgment|narration|closure,5,16,1,1,3,2,5,0,0,1,2,0,1
FS00384,20.97,3,V002-P003-C038-S000,4827,4835,9787,9803,9,658,10,68.5,humor_aside,inventory|judgment|narration,2,24,7,0,0,1,2,7,1,1,0,0,5
FS00385,21.03,3,V002-P003-C038-S000,4836,4844,9805,9821,9,665,9,67,dialogue_scene,explanation|inventory|judgment,2,34,7,2,1,2,2,2,1,1,1,12,3
FS00386,21.08,3,V002-P003-C038-S000,4845,4853,9823,9839,9,701,9,71,character,dialogue_scene|humor_aside|explanation,3,17,4,1,0,1,3,2,0,2,1,2,1
FS00387,21.14,3,V002-P003-C038-S000,4854,4865,9841,9863,12,616,11,47,judgment,narration|closure|turn,3,23,2,0,2,4,2,2,6,1,3,0,1
FS00388,21.19,3,V002-P003-C039-S000,4866,4874,9868,9884,9,754,10,82.5,narration,judgment|turn|character,3,23,2,1,2,2,3,2,5,2,1,2,1
FS00389,21.25,3,V002-P003-C039-S000,4875,4890,9886,9916,16,722,16,56.0,humor_aside,character|closure|narration,3,23,3,0,0,0,2,6,4,3,3,0,2
FS00390,21.3,3,V002-P003-C039-S000,4891,4902,9918,9940,12,756,14,50.0,inventory,judgment|narration|character,2,20,2,1,0,2,1,2,4,2,0,2,4
FS00391,21.35,3,V002-P003-C039-S000,4903,4914,9942,9964,12,703,12,61.0,narration,inventory|dialogue_scene|judgment,4,25,5,0,1,1,2,0,8,1,1,2,4
FS00392,21.41,3,V002-P003-C039-S000,4915,4922,9966,9980,8,691,9,64,turn,narration|judgment|humor_aside,5,23,4,1,6,2,2,2,5,0,0,0,1
FS00393,21.46,3,V002-P003-C039-S000,4923,4932,9982,10000,10,705,15,45,humor_aside,inventory|explanation|turn,3,28,6,2,2,1,1,4,4,0,2,2,4
FS00394,21.52,3,V002-P003-C039-S000,4933,4947,10002,10030,15,742,16,40.0,character,humor_aside|explanation|narration,4,28,2,2,1,1,2,4,3,7,2,2,2
FS00395,21.57,3,V002-P003-C039-S000,4948,4964,10032,10064,17,729,20,34.0,character,dialogue_scene|humor_aside|turn,3,25,6,0,2,1,1,4,0,6,0,5,0
FS00396,21.63,3,V002-P003-C039-S000,4965,4975,10066,10086,11,748,14,41.0,character,dialogue_scene|closure|judgment,3,26,2,0,1,2,2,2,1,9,3,4,0
FS00397,21.68,3,V002-P003-C039-S000,4976,4988,10088,10112,13,708,14,52.0,judgment,closure|humor_aside|narration,2,14,1,1,1,2,2,2,2,1,2,0,0
FS00398,21.74,3,V002-P003-C039-S000,4989,5003,10114,10142,15,738,16,45.0,humor_aside,judgment|turn|narration,6,29,3,1,3,3,6,10,1,0,0,0,2
FS00399,21.79,3,V002-P003-C039-S000,5004,5017,10144,10170,14,736,20,37.0,judgment,dialogue_scene|humor_aside|narration,2,26,2,1,0,4,3,4,3,1,1,5,2
FS00400,21.85,3,V002-P003-C039-S000,5018,5027,10172,10190,10,743,12,63.0,humor_aside,judgment|inventory|dialogue_scene,4,23,0,0,1,4,0,8,2,0,1,3,4
FS00401,21.9,3,V002-P003-C039-S000,5028,5037,10192,10210,10,656,13,54,dialogue_scene,judgment|humor_aside|turn,4,24,1,1,2,4,0,4,3,1,1,6,1
FS00402,21.96,3,V002-P003-C039-S000,5038,5048,10212,10232,11,688,14,46.5,humor_aside,closure|dialogue_scene|turn,2,29,7,0,2,1,0,8,0,2,4,4,1
FS00403,22.01,3,V002-P003-C039-S000,5049,5061,10234,10258,13,612,13,38,humor_aside,narration|turn|closure,5,18,3,0,2,0,4,4,2,0,2,1,0
FS00404,22.06,3,V002-P003-C040-S000,5062,5082,10263,10303,21,741,25,22,character,turn|closure|dialogue_scene,7,21,0,0,2,0,2,2,1,8,2,2,2
FS00405,22.12,3,V002-P003-C040-S000,5083,5101,10305,10341,19,752,22,34.5,humor_aside,turn|narration|judgment,6,36,5,1,4,2,8,8,3,1,2,2,0
FS00406,22.17,3,V002-P003-C040-S000,5102,5113,10343,10365,12,737,14,44.5,humor_aside,judgment|turn|character,4,25,0,0,3,3,1,10,2,4,0,0,2
FS00407,22.23,3,V002-P003-C040-S000,5114,5129,10367,10397,16,743,15,39,humor_aside,turn|dialogue_scene|narration,5,31,4,0,4,1,2,9,3,1,2,3,2
FS00408,22.28,3,V002-P003-C040-S000,5130,5142,10399,10423,13,755,13,50,humor_aside,judgment|character|explanation,1,19,1,1,0,4,0,8,1,4,0,0,0
FS00409,22.34,3,V002-P003-C040-S000,5143,5163,10425,10465,21,757,19,27,character,judgment|closure|humor_aside,3,39,12,1,1,3,3,4,2,5,4,3,1
FS00410,22.39,3,V002-P003-C040-S000,5164,5179,10467,10497,16,747,17,45,turn,narration|humor_aside|explanation,7,25,3,2,4,1,4,4,5,0,2,0,0
FS00411,22.45,3,V002-P003-C040-S000,5180,5197,10499,10533,18,745,19,39,humor_aside,dialogue_scene|turn|narration,3,22,2,0,2,1,3,6,2,0,0,5,1
FS00412,22.5,3,V002-P003-C040-S000,5198,5212,10535,10563,15,735,15,46,turn,narration|character|closure,6,25,1,1,4,1,6,2,1,3,3,2,1
FS00413,22.56,3,V002-P003-C040-S000,5213,5229,10565,10597,17,714,16,36.5,dialogue_scene,judgment|character|humor_aside,1,19,3,0,0,2,0,2,4,2,1,3,2
FS00414,22.61,3,V002-P003-C040-S000,5230,5245,10599,10629,16,747,17,36,humor_aside,dialogue_scene|closure|narration,1,22,4,0,1,0,2,6,1,1,2,5,0
FS00415,22.67,3,V002-P003-C040-S000,5246,5262,10631,10663,17,749,19,42,humor_aside,turn|dialogue_scene|closure,9,33,7,0,4,1,4,8,0,1,3,5,0
FS00416,22.72,3,V002-P003-C040-S000,5263,5274,10665,10690,12,569,13,43,character,humor_aside|judgment|narration,2,22,0,0,0,3,2,6,2,9,0,0,0
FS00417,22.77,3,V002-P003-C041-S000,5275,5285,10692,10712,11,644,14,56.0,humor_aside,character|dialogue_scene|explanation,2,14,0,1,1,0,1,4,1,2,1,2,1
FS00418,22.83,3,V002-P003-C041-S000,5286,5301,10714,10744,16,749,18,35.0,turn,character|humor_aside|narration,7,26,1,0,5,0,6,4,0,6,2,2,0
FS00419,22.88,3,V002-P003-C041-S000,5302,5316,10746,10774,15,753,17,48,narration,turn|character|closure,5,24,3,1,3,0,5,0,4,2,2,2,2
FS00420,22.94,3,V002-P003-C041-S000,5317,5334,10776,10810,18,754,21,31,narration,character|closure|humor_aside,3,27,2,1,2,1,5,4,4,4,4,0,0
FS00421,22.99,3,V002-P003-C041-S000,5335,5354,10812,10850,20,748,19,38,humor_aside,dialogue_scene|narration|turn,5,38,5,1,3,1,2,8,10,0,1,6,1
FS00422,23.05,3,V002-P003-C041-S000,5355,5371,10852,10884,17,695,19,36,turn,character|humor_aside|inventory,4,21,2,0,5,0,2,4,2,4,0,0,2
FS00423,23.1,3,V002-P003-C041-S000,5372,5385,10886,10912,14,734,17,41,humor_aside,narration|closure|judgment,2,35,3,0,2,2,5,9,7,0,5,2,0
FS00424,23.16,3,V002-P003-C041-S000,5386,5409,10914,10960,24,720,23,22,closure,dialogue_scene|judgment|explanation,3,40,16,2,0,4,1,0,3,0,7,6,1
FS00425,23.21,3,V002-P003-C041-S000,5410,5427,10962,10996,18,760,20,32.0,judgment,dialogue_scene|turn|narration,7,35,11,0,2,6,2,0,3,0,2,8,1
FS00426,23.27,3,V002-P003-C041-S000,5428,5447,10998,11036,20,745,20,42.5,turn,judgment|narration|character,6,34,5,1,5,4,7,2,2,4,4,0,0
FS00427,23.32,3,V002-P003-C041-S000,5448,5466,11038,11074,19,705,19,36,judgment,turn|dialogue_scene|narration,6,26,0,1,4,4,6,0,4,0,2,5,0
FS00428,23.38,3,V002-P003-C041-S000,5467,5481,11076,11104,15,736,22,18.5,turn,dialogue_scene|character|closure,5,21,1,0,3,2,2,0,3,3,3,4,0
FS00429,23.43,3,V002-P003-C041-S000,5482,5493,11106,11133,12,497,12,40.0,turn,narration|inventory|explanation,3,11,2,0,3,0,3,0,2,0,0,0,1
FS00430,23.48,3,V002-P004-C042-S000,5494,5509,11135,11165,16,735,23,31,narration,character|inventory|dialogue_scene,2,34,4,1,1,0,4,2,9,6,1,2,4
FS00431,23.54,3,V002-P004-C042-S000,5510,5524,11167,11195,15,740,16,35.5,humor_aside,character|judgment|dialogue_scene,6,42,3,0,2,5,2,9,5,8,0,6,2
FS00432,23.59,3,V002-P004-C042-S000,5525,5547,11197,11241,23,743,30,18.5,dialogue_scene,humor_aside|character|narration,3,40,0,0,2,2,4,6,4,4,1,16,1
FS00433,23.65,3,V002-P004-C042-S000,5548,5564,11243,11275,17,756,18,48.5,humor_aside,judgment|narration|turn,2,19,5,0,1,2,1,4,4,1,1,0,0
FS00434,23.7,3,V002-P004-C042-S000,5565,5583,11277,11313,19,734,18,32.5,closure,judgment|character|humor_aside,4,29,5,1,1,3,1,4,5,4,5,0,0
FS00435,23.76,3,V002-P004-C042-S000,5584,5593,11315,11338,10,502,9,43,humor_aside,judgment|narration|character,2,17,2,0,0,2,0,6,5,2,0,0,0
FS00436,23.81,3,V002-P005-C043-S000,5594,5608,11340,11368,15,693,16,40.5,dialogue_scene,turn|judgment|narration,7,31,5,0,5,3,3,0,2,1,1,11,0
FS00437,23.87,3,V002-P005-C043-S000,5609,5624,11370,11400,16,749,21,27,dialogue_scene,humor_aside|narration|character,1,33,2,1,1,0,2,8,4,2,2,10,1
FS00438,23.92,3,V002-P005-C043-S000,5625,5646,11402,11444,22,756,22,35.5,dialogue_scene,humor_aside|explanation|judgment,2,27,3,1,0,1,2,2,1,1,1,15,0
FS00439,23.98,3,V002-P005-C043-S000,5647,5664,11446,11480,18,746,18,39.5,dialogue_scene,humor_aside|narration|turn,3,24,1,0,1,0,0,6,5,0,0,10,1
FS00440,24.03,3,V002-P005-C043-S000,5665,5680,11482,11512,16,717,16,47.0,humor_aside,narration|dialogue_scene|closure,1,19,4,0,0,0,2,6,4,0,1,2,0
FS00441,24.09,3,V002-P005-C043-S000,5681,5693,11514,11538,13,735,16,52.0,dialogue_scene,narration|turn|character,5,28,3,1,2,1,1,2,8,2,2,6,0
FS00442,24.14,3,V002-P005-C043-S000,5694,5711,11540,11574,18,712,19,28,explanation,dialogue_scene|narration|humor_aside,3,42,1,7,3,0,1,6,12,0,1,8,3
FS00443,24.19,3,V002-P005-C043-S000,5712,5729,11576,11610,18,744,20,31.5,explanation,narration|turn|dialogue_scene,6,27,2,3,3,2,1,2,8,2,0,4,0
FS00444,24.25,3,V002-P005-C043-S000,5730,5744,11612,11640,15,692,16,38.0,dialogue_scene,character|narration|humor_aside,3,43,3,1,1,1,0,2,14,8,1,12,0
FS00445,24.3,3,V002-P005-C043-S000,5745,5762,11642,11676,18,751,20,35.0,judgment,turn|closure|explanation,5,18,4,1,2,3,1,2,3,0,2,0,0
FS00446,24.36,3,V002-P005-C043-S000,5763,5779,11678,11710,17,736,21,33,judgment,character|humor_aside|narration,5,28,10,0,1,3,0,4,6,4,0,0,0
FS00447,24.41,3,V002-P005-C043-S000,5780,5795,11712,11742,16,704,18,37.5,dialogue_scene,humor_aside|explanation|judgment,1,41,14,2,1,2,1,8,4,1,0,8,0
FS00448,24.47,3,V002-P005-C043-S000,5796,5813,11744,11778,18,725,19,32,narration,dialogue_scene|turn|character,5,36,13,1,2,0,2,0,11,2,1,4,0
FS00449,24.52,3,V002-P005-C043-S000,5814,5828,11780,11808,15,683,15,44,narration,humor_aside|character|turn,4,39,5,0,2,1,0,6,18,3,2,0,2
FS00450,24.58,3,V002-P005-C043-S000,5829,5839,11810,11830,11,599,16,28.0,dialogue_scene,judgment|character|explanation,5,33,2,2,0,4,0,0,7,4,1,12,1
FS00451,24.63,3,V002-P006-C044-S000,5840,5863,11837,11883,24,744,29,21,turn,narration|dialogue_scene|explanation,5,18,0,1,4,1,4,0,4,0,1,2,1
FS00452,24.69,3,V002-P006-C044-S000,5864,5881,11885,11919,18,741,19,35,narration,humor_aside|closure|character,5,34,3,1,1,1,4,5,8,3,4,3,1
FS00453,24.74,3,V002-P006-C044-S000,5882,5903,11921,11963,22,746,20,35.0,judgment,narration|humor_aside|character,1,21,0,0,0,4,0,4,9,2,1,0,1
FS00454,24.8,3,V002-P006-C044-S000,5904,5919,11965,11995,16,758,19,35,judgment,dialogue_scene|humor_aside|narration,3,23,0,0,1,4,1,4,5,0,1,5,2
FS00455,24.85,3,V002-P006-C044-S000,5920,5935,11997,12027,16,688,17,39,dialogue_scene,humor_aside|explanation|judgment,4,21,6,1,1,1,1,2,2,0,1,6,0
FS00456,24.9,3,V002-P006-C044-S000,5936,5950,12029,12057,15,749,16,54.0,humor_aside,turn|narration|character,4,15,0,0,3,0,4,6,0,1,1,0,0
FS00457,24.96,3,V002-P006-C044-S000,5951,5965,12059,12087,15,748,17,40,dialogue_scene,narration|explanation|judgment,4,22,2,2,1,2,3,2,4,0,1,4,1
FS00458,25.01,3,V002-P006-C044-S000,5966,5988,12089,12133,23,754,27,24,humor_aside,judgment|turn|explanation,4,27,3,2,3,3,5,6,1,1,1,2,0
FS00459,25.07,3,V002-P006-C044-S000,5989,6000,12135,12157,12,753,14,53.0,humor_aside,character|closure|judgment,5,31,3,0,2,2,3,8,2,5,4,0,2
FS00460,25.12,3,V002-P006-C044-S000,6001,6012,12159,12181,12,696,14,46.0,turn,explanation|judgment|character,4,11,2,1,2,1,1,0,1,1,1,0,1
FS00461,25.18,3,V002-P006-C044-S000,6013,6026,12183,12209,14,675,16,37.0,turn,explanation|narration,6,8,1,1,3,0,3,0,0,0,0,0,0
FS00462,25.23,3,V002-P006-C045-S000,6027,6047,12214,12254,21,670,21,30,narration,humor_aside|inventory|turn,2,24,4,0,1,0,3,4,6,1,1,0,4
FS00463,25.29,3,V002-P006-C045-S000,6048,6068,12256,12296,21,732,21,27,narration,judgment|turn|character,3,28,6,0,1,4,3,0,11,1,1,1,0
FS00464,25.34,3,V002-P006-C045-S000,6069,6085,12298,12330,17,760,20,33.0,character,humor_aside|dialogue_scene|turn,4,69,41,1,2,1,5,6,0,7,2,4,0
FS00465,25.4,3,V002-P006-C045-S000,6086,6100,12332,12360,15,752,18,42.0,character,judgment|humor_aside|closure,2,41,23,0,1,4,1,3,1,6,2,0,0
FS00466,25.45,3,V002-P006-C045-S000,6101,6117,12362,12394,17,746,17,42,turn,narration|character|dialogue_scene,6,33,11,0,5,1,2,2,5,3,1,2,1
FS00467,25.51,3,V002-P006-C045-S000,6118,6129,12396,12418,12,651,12,45.5,judgment,closure|narration|character,1,20,2,0,1,5,0,0,6,2,3,0,1
FS00468,25.56,3,V002-P006-C045-S000,6130,6145,12420,12450,16,737,21,31,judgment,narration|humor_aside|turn,6,24,1,0,1,4,2,4,9,1,1,0,1
FS00469,25.61,3,V002-P006-C045-S000,6146,6163,12452,12486,18,738,17,28,judgment,humor_aside|character|dialogue_scene,5,20,2,1,1,4,1,4,2,3,0,2,0
FS00470,25.67,3,V002-P006-C045-S000,6164,6182,12488,12524,19,754,23,28,dialogue_scene,narration|character|explanation,5,21,0,2,2,2,2,0,5,3,1,4,0
FS00471,25.72,3,V002-P006-C045-S000,6183,6202,12526,12564,20,732,22,30.5,judgment,dialogue_scene|narration|explanation,8,19,0,2,1,3,5,0,2,1,1,4,0
FS00472,25.78,3,V002-P006-C045-S000,6203,6226,12566,12612,24,741,23,32,turn,dialogue_scene|narration|explanation,9,28,2,2,6,1,4,0,4,2,2,4,1
FS00473,25.83,3,V002-P006-C045-S000,6227,6244,12614,12648,18,694,17,44,judgment,turn|dialogue_scene|narration,5,23,4,0,3,4,5,0,3,0,0,4,0
FS00474,25.89,3,V002-P006-C045-S000,6245,6266,12650,12692,22,583,21,27,dialogue_scene,humor_aside|turn|closure,3,23,1,0,4,0,1,6,0,1,2,8,0
FS00475,25.94,3,V002-P006-C046-S000,6267,6290,12697,12743,24,733,21,37,narration,humor_aside|judgment|explanation,3,28,8,1,0,2,4,4,9,0,0,0,0
FS00476,26.0,3,V002-P006-C046-S000,6291,6310,12745,12783,20,727,24,28.0,dialogue_scene,humor_aside|narration|character,3,29,1,0,1,0,4,8,2,2,0,11,0
FS00477,26.05,3,V002-P006-C046-S000,6311,6327,12785,12817,17,698,16,32.0,narration,dialogue_scene|judgment|explanation,5,32,2,2,1,3,3,2,10,2,1,5,1
FS00478,26.11,3,V002-P006-C046-S000,6328,6341,12819,12845,14,703,16,49.0,dialogue_scene,character|turn|narration,2,19,3,0,2,0,0,0,4,3,0,6,1
FS00479,26.16,3,V002-P006-C046-S000,6342,6357,12847,12877,16,698,17,36,dialogue_scene,narration|closure|judgment,5,25,1,0,2,2,5,0,6,0,3,6,0
FS00480,26.22,3,V002-P006-C046-S000,6358,6375,12879,12913,18,721,22,27.5,turn,judgment|narration|explanation,10,21,3,1,4,3,1,0,7,1,1,0,0
FS00481,26.27,3,V002-P006-C046-S000,6376,6397,12915,12957,22,731,24,22.5,judgment,narration|turn|dialogue_scene,8,30,1,2,3,4,4,2,8,0,0,3,3
FS00482,26.32,3,V002-P006-C046-S000,6398,6414,12959,12991,17,732,21,37,humor_aside,turn|dialogue_scene|explanation,8,41,5,3,5,1,3,10,4,1,4,5,0
FS00483,26.38,3,V002-P006-C046-S000,6415,6432,12993,13027,18,747,21,32,humor_aside,dialogue_scene|narration|inventory,1,33,2,0,0,1,5,12,3,1,1,6,2
FS00484,26.43,3,V002-P006-C046-S000,6433,6456,13029,13075,24,705,22,30.5,dialogue_scene,humor_aside|closure|judgment,7,23,3,0,2,2,4,4,0,0,3,5,0
FS00485,26.49,3,V002-P006-C046-S000,6457,6474,13077,13111,18,688,20,29.5,humor_aside,turn|judgment|character,5,16,2,0,2,1,1,6,1,1,1,0,1
FS00486,26.54,3,V002-P006-C046-S000,6475,6503,13113,13169,29,756,29,19,judgment,explanation|turn|character,8,40,19,5,3,9,1,0,0,3,0,0,0
FS00487,26.6,3,V002-P006-C046-S000,6504,6528,13171,13219,25,750,29,23,judgment,closure|character|turn,4,17,3,0,1,5,1,0,0,2,5,0,0
FS00488,26.65,3,V002-P006-C046-S000,6529,6544,13221,13254,16,461,15,18,dialogue_scene,narration|turn|closure,5,23,1,0,2,1,5,2,4,0,2,5,1
FS00489,26.71,3,V002-P006-C047-S000,6545,6566,13256,13298,22,756,25,20,judgment,character|humor_aside|closure,3,26,0,0,1,6,1,4,3,4,3,2,2
FS00490,26.76,3,V002-P006-C047-S000,6567,6586,13300,13338,20,760,23,28,judgment,dialogue_scene|narration|closure,4,21,0,2,1,3,4,0,3,0,3,4,1
FS00491,26.82,3,V002-P006-C047-S000,6587,6603,13340,13372,17,725,18,35.0,character,dialogue_scene|humor_aside|narration,2,14,1,0,1,0,0,2,4,2,1,2,1
FS00492,26.87,3,V002-P006-C047-S000,6604,6624,13374,13414,21,713,22,32.0,humor_aside,dialogue_scene|turn|narration,4,30,1,1,3,1,5,8,3,1,0,6,1
FS00493,26.93,3,V002-P006-C047-S000,6625,6645,13416,13456,21,736,23,26,turn,dialogue_scene|narration|closure,5,16,1,0,4,0,3,0,3,0,1,4,0
FS00494,26.98,3,V002-P006-C047-S000,6646,6669,13458,13504,24,750,26,21.0,judgment,turn|narration|closure,7,18,3,0,2,2,5,0,0,1,2,2,1
FS00495,27.03,3,V002-P006-C047-S000,6670,6685,13506,13536,16,699,17,53,narration,,3,5,0,0,0,0,3,0,2,0,0,0,0
FS00496,27.09,3,V002-P006-C047-S000,6686,6702,13538,13570,17,757,19,46,narration,turn|humor_aside,4,17,0,0,3,0,7,2,5,0,0,0,0
FS00497,27.14,3,V002-P006-C047-S000,6703,6721,13572,13608,19,741,18,31.5,turn,humor_aside|narration|judgment,3,12,1,0,3,1,3,2,1,1,0,0,0
FS00498,27.2,3,V002-P006-C047-S000,6722,6739,13610,13644,18,703,18,39.5,humor_aside,turn|narration|dialogue_scene,6,34,0,0,5,2,5,12,6,0,1,3,0
FS00499,27.25,3,V002-P006-C047-S000,6740,6757,13646,13680,18,749,15,49,judgment,turn|humor_aside|dialogue_scene,4,23,1,0,4,4,1,4,4,0,2,3,0
FS00500,27.31,3,V002-P006-C047-S000,6758,6780,13682,13726,23,622,26,20.5,narration,turn|dialogue_scene|explanation,8,40,9,2,3,2,3,2,13,0,0,4,2
FS00501,27.36,3,V002-P007-C048-S000,6781,6798,13733,13767,18,745,20,34.0,narration,inventory|character|humor_aside,2,26,2,0,1,0,3,2,12,2,1,0,3
FS00502,27.42,3,V002-P007-C048-S000,6799,6817,13769,13805,19,741,21,30,narration,closure|turn|character,4,10,1,0,1,0,1,0,4,1,2,0,0
FS00503,27.47,3,V002-P007-C048-S000,6818,6836,13807,13843,19,751,23,32,narration,explanation|dialogue_scene,1,24,4,4,0,0,6,0,8,0,0,2,0
FS00504,27.53,3,V002-P007-C048-S000,6837,6852,13845,13875,16,741,22,33.0,narration,explanation|dialogue_scene|humor_aside,2,20,5,1,0,1,5,2,3,0,1,2,0
FS00505,27.58,3,V002-P007-C048-S000,6853,6876,13877,13923,24,736,27,25,humor_aside,dialogue_scene|turn|narration,6,36,2,0,3,1,5,10,3,2,1,8,1
FS00506,27.64,3,V002-P007-C048-S000,6877,6904,13925,13979,28,747,31,20,dialogue_scene,humor_aside|turn|narration,7,33,5,1,4,0,2,6,3,0,2,9,1
FS00507,27.69,3,V002-P007-C048-S000,6905,6920,13981,14011,16,730,15,46,humor_aside,narration|character|closure,5,30,4,1,0,1,2,10,5,3,3,1,0
FS00508,27.74,3,V002-P007-C048-S000,6921,6939,14013,14049,19,755,20,30.5,dialogue_scene,explanation|closure|humor_aside,4,23,1,3,1,1,1,2,3,1,3,7,0
FS00509,27.8,3,V002-P007-C048-S000,6940,6959,14051,14089,20,747,20,39.0,humor_aside,judgment|narration|explanation,4,14,0,1,1,2,3,4,2,0,1,0,0
FS00510,27.85,3,V002-P007-C048-S000,6960,6977,14091,14125,18,742,19,38,turn,character|dialogue_scene|narration,5,15,1,0,3,0,1,0,2,4,1,2,1
FS00511,27.91,3,V002-P007-C048-S000,6978,7008,14127,14187,31,728,30,23.0,dialogue_scene,judgment|character|inventory,0,35,2,0,0,2,1,0,2,2,0,24,2
FS00512,27.96,3,V002-P007-C048-S000,7009,7032,14189,14235,24,700,22,29.5,dialogue_scene,closure|narration,0,17,1,0,0,0,0,0,2,0,1,13,0
FS00513,28.02,3,V002-P007-C048-S000,7033,7055,14237,14281,23,737,23,26,narration,closure|dialogue_scene|judgment,6,30,5,0,2,2,5,0,5,2,4,4,1
FS00514,28.07,3,V002-P007-C049-S000,7056,7075,14286,14324,20,744,19,34,character,explanation|judgment|dialogue_scene,5,14,0,2,1,2,1,2,1,3,0,2,0
FS00515,28.13,3,V002-P007-C049-S000,7076,7100,14326,14374,25,752,27,22,explanation,narration|judgment|turn,2,11,2,2,1,1,0,0,4,0,0,1,0
FS00516,28.18,3,V002-P007-C049-S000,7101,7124,14376,14422,24,760,27,24,dialogue_scene,character|turn|narration,4,22,4,1,2,1,2,2,3,3,0,4,0
FS00517,28.24,3,V002-P007-C049-S000,7125,7145,14424,14464,21,729,21,28,turn,judgment|humor_aside|narration,4,15,1,1,3,2,1,2,3,1,1,0,0
FS00518,28.29,3,V002-P007-C049-S000,7146,7159,14466,14492,14,704,20,31.0,turn,character|closure|inventory,3,10,0,0,3,0,1,0,0,2,2,0,2
FS00519,28.35,3,V002-P007-C049-S000,7160,7181,14494,14536,22,736,23,31,turn,character|explanation|narration,4,14,0,2,3,1,2,0,2,4,0,0,0
FS00520,28.4,3,V002-P007-C049-S000,7182,7195,14538,14564,14,742,18,36.5,narration,character|explanation|judgment,5,14,2,1,1,1,5,0,0,2,1,1,0
FS00521,28.45,3,V002-P007-C049-S000,7196,7205,14566,14584,10,679,10,67.5,narration,turn|character|closure,4,10,0,0,2,0,2,0,4,1,1,0,0
FS00522,28.51,3,V002-P007-C049-S000,7206,7220,14586,14614,15,750,17,46,character,explanation|narration|judgment,2,13,2,1,1,1,2,0,2,3,1,0,0
FS00523,28.56,3,V002-P007-C049-S000,7221,7236,14616,14646,16,757,18,35.0,turn,character|closure|dialogue_scene,12,25,7,1,5,1,0,2,1,3,3,2,0
FS00524,28.62,3,V002-P007-C049-S000,7237,7253,14648,14680,17,732,17,39,turn,narration|explanation|humor_aside,7,25,2,2,5,1,4,3,3,1,1,2,1
FS00525,28.67,3,V002-P007-C049-S000,7254,7267,14682,14708,14,728,14,47.5,turn,humor_aside|narration|explanation,8,23,0,2,3,2,2,4,6,0,1,0,3
FS00526,28.73,3,V002-P007-C049-S000,7268,7280,14710,14734,13,754,13,65,turn,inventory|dialogue_scene|humor_aside,4,14,0,0,3,1,2,2,1,0,0,2,3
FS00527,28.78,3,V002-P007-C049-S000,7281,7292,14736,14758,12,751,13,49,turn,closure|narration|character,6,15,1,0,4,0,2,0,3,1,3,0,1
FS00528,28.84,3,V002-P007-C049-S000,7293,7301,14760,14776,9,702,12,55.5,dialogue_scene,closure|explanation|character,5,20,6,1,0,0,0,0,2,2,3,6,0
FS00529,28.89,3,V002-P007-C049-S000,7302,7314,14778,14802,13,680,13,38,narration,character|closure|judgment,3,28,2,0,1,2,3,2,9,4,3,0,2
FS00530,28.95,3,V002-P007-C049-S000,7315,7321,14804,14816,7,691,9,86,turn,closure|humor_aside|inventory,6,14,0,1,3,1,1,2,2,0,2,0,2
FS00531,29.0,3,V002-P007-C049-S000,7322,7328,14818,14833,7,516,6,88.0,narration,turn|closure|dialogue_scene,2,13,0,0,2,0,2,0,7,0,1,1,0
FS00532,29.06,3,V002-P007-C050-S000,7329,7335,14835,14847,7,720,8,78.0,judgment,character|humor_aside|explanation,2,11,0,1,0,2,0,2,2,2,1,0,1
FS00533,29.11,3,V002-P007-C050-S000,7336,7349,14849,14875,14,727,17,44,humor_aside,turn|character|narration,3,8,0,0,2,0,0,4,1,1,0,0,0
FS00534,29.16,3,V002-P007-C050-S000,7350,7361,14877,14899,12,746,12,62.5,humor_aside,character|closure|dialogue_scene,1,13,1,1,0,0,0,3,2,2,2,2,0
FS00535,29.22,3,V002-P007-C050-S000,7362,7370,14901,14917,9,688,10,45.5,humor_aside,character|turn|narration,2,18,0,0,2,1,2,6,2,3,1,0,1
FS00536,29.27,3,V002-P007-C050-S000,7371,7378,14919,14933,8,720,10,80.0,character,humor_aside|judgment|narration,2,19,2,1,0,2,1,4,3,4,0,1,1
FS00537,29.33,3,V002-P007-C050-S000,7379,7391,14935,14959,13,748,14,56.0,explanation,narration|dialogue_scene|humor_aside,2,15,2,2,1,0,3,2,2,1,0,2,0
FS00538,29.38,3,V002-P007-C050-S000,7392,7404,14961,14985,13,706,14,46.5,humor_aside,inventory|judgment|narration,3,17,2,0,1,2,3,4,0,0,1,1,3
FS00539,29.44,3,V002-P007-C050-S000,7405,7417,14987,15011,13,744,14,51.0,humor_aside,dialogue_scene|judgment|turn,6,34,0,1,2,2,1,20,2,0,2,3,1
FS00540,29.49,3,V002-P007-C050-S000,7418,7433,15013,15043,16,729,17,49,turn,dialogue_scene|narration|closure,6,16,1,0,3,1,3,0,2,0,2,4,0
FS00541,29.55,3,V002-P007-C050-S000,7434,7447,15045,15071,14,709,17,40,narration,humor_aside|turn|dialogue_scene,3,20,1,1,2,0,3,4,6,0,1,2,0
FS00542,29.6,3,V002-P007-C050-S000,7448,7462,15073,15101,15,759,18,38.0,humor_aside,turn|narration|dialogue_scene,4,31,3,1,4,1,3,8,5,2,0,3,1
FS00543,29.66,3,V002-P007-C050-S000,7463,7477,15103,15131,15,720,14,49.0,dialogue_scene,humor_aside|narration|explanation,3,28,1,1,1,1,2,4,4,0,2,12,0
FS00544,29.71,3,V002-P007-C051-S000,7478,7488,15136,15156,11,698,12,55.5,explanation,dialogue_scene|humor_aside|turn,7,22,5,3,2,0,1,3,2,0,2,4,0
FS00545,29.77,3,V002-P007-C051-S000,7489,7505,15158,15190,17,756,18,39.5,dialogue_scene,humor_aside|turn|narration,5,39,4,0,4,2,6,8,4,0,0,11,0
FS00546,29.82,3,V002-P007-C051-S000,7506,7520,15192,15220,15,752,19,34,humor_aside,explanation|narration|judgment,6,37,6,2,2,2,3,14,4,0,2,2,0
FS00547,29.87,3,V002-P007-C051-S000,7521,7550,15222,15280,30,740,26,25.5,humor_aside,dialogue_scene|narration|closure,0,30,6,0,0,0,2,14,1,0,1,5,1
FS00548,29.93,3,V002-P007-C051-S000,7551,7568,15282,15316,18,745,16,38.5,narration,humor_aside|turn|closure,3,23,2,1,2,1,3,4,6,0,2,2,0
FS00549,29.98,3,V002-P007-C051-S000,7569,7585,15318,15350,17,719,19,30,judgment,narration|turn|explanation,2,15,1,1,2,2,0,0,6,2,0,1,0
FS00550,30.04,3,V002-P007-C051-S000,7586,7598,15352,15376,13,665,15,43,humor_aside,dialogue_scene|narration|explanation,2,28,0,2,1,0,4,8,5,1,0,6,1
FS00551,30.09,4,V002-P007-C051-S000,7599,7614,15378,15408,16,716,16,40.0,dialogue_scene,narration|closure|explanation,2,23,4,1,1,0,4,2,2,0,2,6,1
FS00552,30.15,4,V002-P007-C051-S000,7615,7634,15410,15448,20,742,18,37.0,dialogue_scene,humor_aside|turn|closure,6,45,11,1,4,1,4,8,0,0,4,12,0
FS00553,30.2,4,V002-P007-C051-S000,7635,7651,15450,15482,17,713,19,25,dialogue_scene,humor_aside|explanation|judgment,6,58,14,2,2,2,3,14,1,0,0,20,0
FS00554,30.26,4,V002-P007-C051-S000,7652,7672,15484,15524,21,734,21,36,dialogue_scene,humor_aside|turn|narration,4,39,7,0,3,0,2,6,2,1,0,17,1
FS00555,30.31,4,V002-P007-C051-S000,7673,7687,15526,15554,15,739,16,41.0,humor_aside,turn|judgment|dialogue_scene,7,27,1,2,4,3,3,6,3,0,0,4,1
FS00556,30.37,4,V002-P007-C051-S000,7688,7700,15556,15583,13,498,11,46,character,closure|dialogue_scene|humor_aside,2,13,0,0,0,1,2,2,2,2,2,2,0
FS00557,30.42,4,V002-P007-C052-S000,7701,7715,15585,15613,15,690,15,46,dialogue_scene,turn|humor_aside|explanation,2,18,1,1,2,0,0,2,3,0,0,9,0
FS00558,30.48,4,V002-P007-C052-S000,7716,7732,15615,15647,17,732,19,32,humor_aside,explanation|narration|dialogue_scene,4,22,5,2,1,1,2,4,3,1,1,2,0
FS00559,30.53,4,V002-P007-C052-S000,7733,7747,15649,15677,15,728,16,36.0,turn,judgment|narration|closure,6,17,1,1,3,2,5,2,0,1,2,0,0
FS00560,30.58,4,V002-P007-C052-S000,7748,7761,15679,15705,14,758,16,48.5,character,turn|explanation|dialogue_scene,4,17,0,2,3,0,2,2,0,5,1,2,0
FS00561,30.64,4,V002-P007-C052-S000,7762,7774,15707,15731,13,701,14,43.0,narration,turn|dialogue_scene|judgment,4,18,1,0,3,1,6,0,3,1,1,2,0
FS00562,30.69,4,V002-P007-C052-S000,7775,7785,15733,15753,11,727,17,36,narration,dialogue_scene|closure|judgment,3,19,3,0,0,1,0,0,9,0,2,4,0
FS00563,30.75,4,V002-P007-C052-S000,7786,7807,15755,15797,22,748,22,30.0,dialogue_scene,humor_aside|character|closure,3,38,3,1,1,0,4,8,1,4,3,12,1
FS00564,30.8,4,V002-P007-C052-S000,7808,7820,15799,15823,13,672,17,35,dialogue_scene,turn|closure|narration,3,17,4,0,2,0,4,0,0,0,2,5,0
FS00565,30.86,4,V002-P007-C052-S000,7821,7836,15825,15855,16,751,18,43.0,turn,narration|explanation|humor_aside,7,27,2,1,9,0,2,2,7,1,1,0,2
FS00566,30.91,4,V002-P007-C052-S000,7837,7850,15857,15883,14,745,15,43,dialogue_scene,judgment|narration|turn,2,26,1,1,2,3,3,2,5,1,0,6,2
FS00567,30.97,4,V002-P007-C052-S000,7851,7864,15885,15911,14,691,14,47.5,dialogue_scene,humor_aside|narration|turn,2,27,2,0,1,0,3,6,3,1,1,9,1
FS00568,31.02,4,V002-P007-C052-S000,7865,7878,15913,15939,14,676,17,35,character,dialogue_scene|judgment|turn,2,21,1,0,2,2,3,2,0,6,1,4,0
FS00569,31.08,4,V002-P007-C053-S000,7879,7897,15944,15980,19,744,24,27.0,narration,dialogue_scene|inventory|turn,2,15,1,0,1,0,5,0,3,1,0,2,2
FS00570,31.13,4,V002-P007-C053-S000,7898,7923,15982,16032,26,745,22,30.0,dialogue_scene,humor_aside|turn|explanation,3,37,0,2,3,0,1,6,5,2,2,13,3
FS00571,31.19,4,V002-P007-C053-S000,7924,7946,16034,16078,23,746,26,23.5,dialogue_scene,inventory|judgment|explanation,1,15,0,1,1,2,3,0,1,1,0,3,3
FS00572,31.24,4,V002-P007-C053-S000,7947,7970,16080,16126,24,759,23,35,dialogue_scene,turn|narration|explanation,3,23,2,1,3,1,3,0,1,1,1,9,1
FS00573,31.29,4,V002-P007-C053-S000,7971,7993,16128,16172,23,760,24,30.0,dialogue_scene,humor_aside|turn|inventory,4,37,2,1,3,1,2,8,0,1,0,16,3
FS00574,31.35,4,V002-P007-C053-S000,7994,8016,16174,16218,23,738,23,34,turn,dialogue_scene|narration|closure,8,33,5,0,6,1,6,2,3,1,2,7,0
FS00575,31.4,4,V003-P008-C054-S000,8017,8034,16227,16261,18,744,17,51,dialogue_scene,humor_aside|narration|inventory,5,43,1,1,1,1,4,7,1,1,0,24,2
FS00576,31.46,4,V003-P008-C054-S000,8035,8053,16263,16299,19,755,19,31,dialogue_scene,turn|humor_aside|explanation,5,24,0,1,3,1,4,4,0,0,1,10,0
FS00577,31.51,4,V003-P008-C054-S000,8054,8072,16301,16337,19,700,20,29.5,dialogue_scene,explanation|turn|closure,5,34,1,4,3,1,0,0,4,0,4,17,0
FS00578,31.57,4,V003-P008-C054-S000,8073,8085,16339,16363,13,760,16,45.5,dialogue_scene,explanation|narration|humor_aside,2,21,0,3,1,1,1,2,5,1,1,6,0
FS00579,31.62,4,V003-P008-C054-S000,8086,8106,16365,16405,21,715,22,24.0,judgment,narration|explanation|inventory,1,15,2,1,0,4,1,0,6,0,0,0,1
FS00580,31.68,4,V003-P008-C054-S000,8107,8118,16407,16429,12,720,13,62,narration,turn|closure|humor_aside,6,26,3,1,3,0,5,2,8,0,2,0,2
FS00581,31.73,4,V003-P008-C054-S000,8119,8128,16431,16452,10,472,13,33,dialogue_scene,turn|character|closure,5,33,2,0,3,0,2,2,2,4,2,14,2
FS00582,31.79,4,V003-P008-C055-S000,8129,8148,16454,16492,20,758,21,33,humor_aside,dialogue_scene|narration|turn,2,29,2,0,2,1,2,6,6,2,1,5,2
FS00583,31.84,4,V003-P008-C055-S000,8149,8166,16494,16528,18,713,20,29.5,dialogue_scene,humor_aside|narration|turn,5,25,1,0,2,0,5,4,3,1,1,8,0
FS00584,31.9,4,V003-P008-C055-S000,8167,8176,16530,16548,10,694,12,58.0,turn,closure|character|dialogue_scene,8,18,0,0,3,1,3,2,1,2,3,2,1
FS00585,31.95,4,V003-P008-C055-S000,8177,8191,16550,16578,15,683,15,45,dialogue_scene,turn|inventory|narration,5,31,6,0,4,0,3,2,3,1,2,7,3
FS00586,32.0,4,V003-P008-C055-S000,8192,8204,16580,16604,13,680,15,45,closure,narration|turn|dialogue_scene,4,16,1,1,2,0,4,0,2,1,3,2,0
FS00587,32.06,4,V003-P008-C055-S000,8205,8218,16606,16632,14,697,16,46.0,turn,dialogue_scene|judgment|character,8,32,1,1,5,4,4,0,2,5,2,6,2
FS00588,32.11,4,V003-P008-C055-S000,8219,8229,16634,16654,11,687,15,44,turn,dialogue_scene|judgment|narration,6,23,2,0,4,2,5,2,0,1,2,3,2
FS00589,32.17,4,V003-P008-C055-S000,8230,8239,16656,16677,10,470,12,33.5,humor_aside,dialogue_scene|turn|narration,2,16,0,0,2,0,2,8,1,0,0,3,0
FS00590,32.22,4,V003-P008-C056-S000,8240,8259,16679,16717,20,642,20,28.5,dialogue_scene,judgment|closure|turn,3,34,1,0,2,3,1,0,1,0,3,23,0
FS00591,32.28,4,V003-P008-C056-S000,8260,8275,16719,16749,16,729,17,37,dialogue_scene,turn|judgment|narration,3,25,1,1,3,2,1,2,4,1,2,8,0
FS00592,32.33,4,V003-P008-C056-S000,8276,8293,16751,16785,18,746,19,35,dialogue_scene,turn|closure|humor_aside,4,32,5,0,4,0,1,2,2,1,3,14,0
FS00593,32.39,4,V003-P008-C056-S000,8294,8306,16787,16811,13,715,16,38.0,narration,dialogue_scene|judgment|turn,3,23,4,0,2,2,4,2,3,1,0,3,2
FS00594,32.44,4,V003-P008-C056-S000,8307,8327,16813,16853,21,744,22,28.5,dialogue_scene,turn|explanation|humor_aside,7,47,4,4,5,2,6,4,1,0,3,18,0
FS00595,32.5,4,V003-P008-C056-S000,8328,8347,16855,16893,20,755,22,34.0,humor_aside,dialogue_scene|judgment|turn,6,38,4,1,3,3,2,12,0,0,3,10,0
FS00596,32.55,4,V003-P008-C056-S000,8348,8361,16895,16921,14,731,15,45,dialogue_scene,judgment|turn|narration,1,20,1,1,2,2,2,0,3,1,1,6,1
FS00597,32.61,4,V003-P008-C056-S000,8362,8381,16923,16961,20,694,20,30.0,dialogue_scene,humor_aside|explanation|judgment,1,17,0,2,0,2,1,4,1,0,1,5,1
FS00598,32.66,4,V003-P008-C056-S000,8382,8394,16963,16987,13,669,15,40,turn,judgment|narration|character,6,22,0,1,5,3,4,0,1,2,2,2,2
FS00599,32.71,4,V003-P008-C056-S000,8395,8412,16989,17023,18,756,22,33.0,dialogue_scene,judgment|narration|turn,3,20,1,1,2,2,2,0,4,1,1,4,2
FS00600,32.77,4,V003-P008-C056-S000,8413,8432,17025,17063,20,746,20,38.5,dialogue_scene,judgment|turn|character,6,36,1,0,3,3,5,4,1,4,1,13,1
FS00601,32.82,4,V003-P008-C056-S000,8433,8451,17065,17101,19,703,16,48.0,dialogue_scene,closure|inventory|judgment,4,21,0,0,1,1,2,0,1,0,3,11,2
FS00602,32.88,4,V003-P008-C056-S000,8452,8470,17103,17139,19,735,19,34,dialogue_scene,humor_aside|judgment|turn,1,22,5,0,1,1,1,4,0,0,1,9,0
FS00603,32.93,4,V003-P008-C056-S000,8471,8483,17141,17165,13,707,17,37,turn,closure|dialogue_scene|judgment,5,13,2,0,2,1,3,0,0,1,2,2,0
FS00604,32.99,4,V003-P008-C056-S000,8484,8496,17167,17191,13,685,17,28,humor_aside,closure|dialogue_scene|turn,3,27,1,1,2,1,1,10,1,1,5,4,0
FS00605,33.04,4,V003-P009-C057-S000,8497,8512,17198,17228,16,760,17,48,narration,turn|dialogue_scene|humor_aside,3,33,2,0,3,1,6,4,10,1,1,4,1
FS00606,33.1,4,V003-P009-C057-S000,8513,8530,17230,17264,18,737,16,40.5,humor_aside,judgment|turn|narration,7,33,4,1,3,3,2,6,6,3,2,2,1
FS00607,33.15,4,V003-P009-C057-S000,8531,8541,17266,17286,11,712,14,39.5,narration,closure|humor_aside|explanation,5,17,1,1,1,0,4,2,4,1,3,0,0
FS00608,33.21,4,V003-P009-C057-S000,8542,8554,17288,17312,13,733,16,52.5,dialogue_scene,closure|narration|character,2,22,7,0,0,0,4,0,1,2,3,5,0
FS00609,33.26,4,V003-P009-C057-S000,8555,8569,17314,17342,15,684,17,36,character,humor_aside|narration|turn,5,25,3,1,2,1,3,4,4,5,1,0,1
FS00610,33.32,4,V003-P009-C057-S000,8570,8584,17344,17372,15,719,19,37,turn,humor_aside|character|closure,6,20,1,0,3,0,2,4,2,3,3,0,2
FS00611,33.37,4,V003-P009-C057-S000,8585,8598,17374,17400,14,728,12,66.0,dialogue_scene,narration|humor_aside|turn,4,30,2,1,2,1,2,4,8,0,2,7,1
FS00612,33.42,4,V003-P009-C057-S000,8599,8617,17402,17438,19,753,20,31.5,dialogue_scene,humor_aside|judgment|narration,1,17,3,0,1,1,1,2,2,1,1,5,0
FS00613,33.48,4,V003-P009-C057-S000,8618,8637,17440,17478,20,749,17,43,dialogue_scene,closure|explanation|inventory,2,29,3,1,0,0,1,0,1,0,2,20,1
FS00614,33.53,4,V003-P009-C057-S000,8638,8648,17480,17500,11,714,11,57,humor_aside,narration|judgment|turn,2,10,0,0,1,1,3,2,1,1,1,0,0
FS00615,33.59,4,V003-P009-C057-S000,8649,8662,17502,17528,14,741,20,33.0,dialogue_scene,humor_aside|narration|explanation,4,21,1,1,1,1,2,4,4,1,1,4,1
FS00616,33.64,4,V003-P009-C057-S000,8663,8678,17530,17560,16,712,16,40.5,turn,dialogue_scene|judgment|narration,9,29,1,0,6,3,4,2,3,2,2,6,0
FS00617,33.7,4,V003-P009-C057-S000,8679,8696,17562,17596,18,686,20,32.0,turn,dialogue_scene|narration|judgment,6,25,3,0,5,1,6,0,1,1,1,7,0
FS00618,33.75,4,V003-P009-C057-S000,8697,8711,17598,17626,15,750,18,39.5,character,dialogue_scene|humor_aside|judgment,1,16,3,0,0,1,2,2,1,4,1,2,0
FS00619,33.81,4,V003-P009-C057-S000,8712,8738,17628,17680,27,734,25,23,dialogue_scene,character|judgment|turn,3,38,1,0,3,3,6,0,0,6,2,16,1
FS00620,33.86,4,V003-P009-C057-S000,8739,8753,17682,17710,15,719,17,39,character,dialogue_scene|narration|turn,0,28,6,0,1,0,3,0,3,8,1,5,1
FS00621,33.92,4,V003-P009-C057-S000,8754,8770,17712,17744,17,758,19,41,dialogue_scene,character|closure|turn,1,24,3,0,2,1,2,2,1,3,3,6,1
FS00622,33.97,4,V003-P009-C057-S000,8771,8787,17746,17778,17,730,21,31,dialogue_scene,character|narration|closure,2,23,1,0,0,0,3,0,5,5,3,6,0
FS00623,34.03,4,V003-P009-C057-S000,8788,8811,17780,17826,24,694,23,26,dialogue_scene,turn|character|humor_aside,4,45,4,0,4,0,4,4,2,5,1,21,0
FS00624,34.08,4,V003-P009-C057-S000,8812,8830,17828,17867,19,464,17,13,humor_aside,narration|closure|inventory,0,15,2,0,0,0,0,8,3,0,1,0,1
FS00625,34.13,4,V003-P009-C058-S000,8831,8854,17869,17915,24,717,24,19.5,humor_aside,closure|inventory|narration,1,20,4,0,0,0,1,8,3,0,2,0,2
FS00626,34.19,4,V003-P009-C058-S000,8855,8862,17917,17931,8,696,9,71,turn,dialogue_scene|humor_aside|narration,4,13,0,0,3,1,2,2,2,0,0,2,1
FS00627,34.24,4,V003-P009-C058-S000,8863,8878,17933,17963,16,689,14,50.5,narration,closure|explanation|humor_aside,3,17,5,1,0,0,3,2,2,0,2,1,1
FS00628,34.3,4,V003-P009-C058-S000,8879,8895,17965,17997,17,758,20,36.5,humor_aside,turn|dialogue_scene|character,6,24,1,0,4,0,4,6,0,2,2,3,2
FS00629,34.35,4,V003-P009-C058-S000,8896,8917,17999,18041,22,710,20,34.0,dialogue_scene,humor_aside|closure|character,4,40,2,1,0,0,1,8,3,2,4,18,1
FS00630,34.41,4,V003-P009-C058-S000,8918,8935,18043,18077,18,740,15,50,dialogue_scene,turn|closure|narration,4,24,2,0,4,1,1,0,3,0,2,11,0
FS00631,34.46,4,V003-P009-C058-S000,8936,8948,18079,18103,13,751,19,39,humor_aside,turn|dialogue_scene|inventory,2,17,3,0,2,0,1,4,2,1,0,2,2
FS00632,34.52,4,V003-P009-C058-S000,8949,8967,18105,18141,19,749,19,41,turn,narration|closure|humor_aside,6,23,1,1,7,0,3,2,5,0,2,0,2
FS00633,34.57,4,V003-P009-C058-S000,8968,8987,18143,18181,20,756,22,25.5,dialogue_scene,character|humor_aside|inventory,2,30,3,1,1,0,2,2,1,3,1,14,2
FS00634,34.63,4,V003-P009-C058-S000,8988,9008,18183,18223,21,725,21,40,dialogue_scene,judgment|narration|closure,2,23,2,0,1,3,0,0,5,1,2,9,0
FS00635,34.68,4,V003-P009-C058-S000,9009,9025,18225,18257,17,697,18,33.0,turn,dialogue_scene|humor_aside|explanation,5,17,2,1,6,1,1,2,1,0,0,3,0
FS00636,34.74,4,V003-P009-C058-S000,9026,9038,18259,18283,13,733,15,48,turn,narration|character|inventory,5,10,0,0,3,0,3,0,2,1,0,0,1
FS00637,34.79,4,V003-P009-C058-S000,9039,9060,18285,18327,22,752,22,28.0,dialogue_scene,judgment|narration|closure,3,25,3,0,1,2,2,2,3,1,2,9,0
FS00638,34.84,4,V003-P009-C058-S000,9061,9089,18329,18385,29,749,32,20.5,dialogue_scene,turn|judgment|explanation,5,43,9,1,4,2,3,0,1,1,0,22,0
FS00639,34.9,4,V003-P009-C058-S000,9090,9108,18387,18423,19,695,20,33.5,dialogue_scene,turn|closure|narration,5,23,2,0,4,1,4,2,1,0,3,6,0
FS00640,34.95,4,V003-P009-C058-S000,9109,9116,18425,18439,8,469,11,34,character,closure|narration|explanation,2,24,9,1,1,1,1,0,4,3,3,0,1
FS00641,35.01,4,V003-P010-C059-S000,9117,9129,18446,18470,13,738,15,42,turn,character|narration|closure,4,18,0,0,4,0,3,1,3,5,1,0,1
FS00642,35.06,4,V003-P010-C059-S000,9130,9143,18472,18498,14,712,19,28,character,closure|humor_aside|turn,3,17,1,0,2,1,1,3,0,4,3,2,0
FS00643,35.12,4,V003-P010-C059-S000,9144,9155,18500,18522,12,659,16,40.5,dialogue_scene,turn|narration|humor_aside,4,19,0,0,3,1,3,2,2,0,0,7,1
FS00644,35.17,4,V003-P010-C059-S000,9156,9166,18524,18544,11,702,14,48.5,narration,dialogue_scene|turn|humor_aside,5,31,5,0,3,2,7,4,4,0,1,5,0
FS00645,35.23,4,V003-P010-C059-S000,9167,9180,18546,18572,14,698,16,40.5,humor_aside,dialogue_scene|narration|turn,2,25,1,0,2,0,3,6,5,1,1,4,2
FS00646,35.28,4,V003-P010-C059-S000,9181,9189,18574,18590,9,699,10,60.5,humor_aside,dialogue_scene|narration|judgment,1,18,2,0,1,1,0,5,4,0,1,3,1
FS00647,35.34,4,V003-P010-C059-S000,9190,9207,18592,18626,18,757,17,38,humor_aside,dialogue_scene|character|turn,3,27,4,0,2,0,2,8,2,3,0,6,0
FS00648,35.39,4,V003-P010-C059-S000,9208,9216,18628,18644,9,748,15,42,closure,inventory|narration|character,2,21,0,0,0,0,1,2,5,2,5,2,4
FS00649,35.45,4,V003-P010-C059-S000,9217,9233,18646,18678,17,740,20,32.5,judgment,humor_aside|closure|narration,5,33,6,1,2,5,5,6,1,0,3,2,2
FS00650,35.5,4,V003-P010-C059-S000,9234,9247,18680,18706,14,731,15,45,character,dialogue_scene|inventory|humor_aside,3,19,0,0,0,1,4,2,0,5,1,3,3
FS00651,35.55,4,V003-P010-C059-S000,9248,9264,18708,18740,17,697,21,31,turn,narration|humor_aside|judgment,2,11,0,0,2,1,3,2,2,1,0,0,0
FS00652,35.61,4,V003-P010-C059-S000,9265,9280,18742,18772,16,682,19,32,character,dialogue_scene|humor_aside|narration,2,20,6,1,0,0,3,2,1,3,1,2,1
FS00653,35.66,4,V003-P010-C059-S000,9281,9299,18774,18810,19,731,21,28,closure,judgment|narration|turn,4,24,4,1,2,3,1,1,5,0,7,0,0
FS00654,35.72,4,V003-P010-C059-S000,9300,9313,18812,18838,14,740,18,31.0,inventory,turn|closure|humor_aside,6,24,5,2,3,0,1,4,0,0,4,0,5
FS00655,35.77,4,V003-P010-C059-S000,9314,9326,18840,18864,13,720,21,32,judgment,closure|explanation|dialogue_scene,4,18,2,2,1,3,1,0,0,1,4,2,2
FS00656,35.83,4,V003-P010-C059-S000,9327,9338,18866,18888,12,723,12,50.5,turn,closure|judgment|narration,3,8,0,0,2,1,3,0,0,0,2,0,0
FS00657,35.88,4,V003-P010-C059-S000,9339,9361,18890,18934,23,696,21,31,dialogue_scene,humor_aside|turn|narration,5,32,1,0,3,1,4,6,3,1,1,12,0
FS00658,35.94,4,V003-P011-C060-S000,9362,9380,18941,18977,19,742,18,38.5,turn,narration|judgment|character,4,22,4,0,5,2,3,0,4,2,0,2,0
FS00659,35.99,4,V003-P011-C060-S000,9381,9400,18979,19017,20,718,19,33,turn,narration|dialogue_scene|closure,6,29,5,0,4,0,3,1,6,1,3,4,2
FS00660,36.05,4,V003-P011-C060-S000,9401,9411,19019,19039,11,741,18,36.5,judgment,character|narration,3,9,3,0,0,2,1,0,1,2,0,0,0
FS00661,36.1,4,V003-P011-C060-S000,9412,9426,19041,19069,15,734,16,46.0,judgment,dialogue_scene|narration|turn,2,22,1,1,2,4,2,0,4,1,0,5,2
FS00662,36.16,4,V003-P011-C060-S000,9427,9446,19071,19109,20,714,19,36,dialogue_scene,turn|judgment|narration,2,18,2,0,3,2,2,0,0,0,0,9,0
FS00663,36.21,4,V003-P011-C060-S000,9447,9464,19111,19145,18,748,21,39,dialogue_scene,turn|narration|character,5,29,1,0,4,0,7,0,2,2,1,12,0
FS00664,36.26,4,V003-P011-C060-S000,9465,9483,19147,19183,19,745,21,33,dialogue_scene,turn|closure|narration,5,25,0,1,3,1,3,0,2,2,4,7,2
FS00665,36.32,4,V003-P011-C060-S000,9484,9499,19185,19218,16,501,17,28,dialogue_scene,turn|closure|narration,6,26,3,0,4,0,3,0,1,1,2,12,0
FS00666,36.37,4,V003-P011-C061-S000,9500,9515,19220,19250,16,702,18,39.5,narration,character|turn|humor_aside,1,17,0,0,2,1,1,2,6,3,0,0,2
FS00667,36.43,4,V003-P011-C061-S000,9516,9532,19252,19284,17,694,21,21,dialogue_scene,character|humor_aside|inventory,2,13,0,0,1,0,1,2,0,2,1,4,2
FS00668,36.48,4,V003-P011-C061-S000,9533,9556,19286,19332,24,690,23,24,dialogue_scene,humor_aside|narration|turn,3,38,4,0,2,0,5,4,1,1,1,18,2
FS00669,36.54,4,V003-P011-C061-S000,9557,9569,19334,19358,13,712,15,46,turn,dialogue_scene|character|humor_aside,4,24,4,0,7,1,2,2,0,3,0,4,1
FS00670,36.59,4,V003-P011-C061-S000,9570,9594,19360,19408,25,744,23,27,dialogue_scene,turn|humor_aside|narration,6,27,2,1,4,1,2,4,3,0,1,9,0
FS00671,36.65,4,V003-P011-C061-S000,9595,9613,19410,19446,19,759,24,21.5,dialogue_scene,explanation|judgment|turn,4,29,1,3,1,2,1,0,0,0,1,20,0
FS00672,36.7,4,V003-P011-C061-S000,9614,9635,19448,19490,22,755,23,31,dialogue_scene,explanation|judgment|turn,3,47,21,2,2,2,3,2,0,0,1,12,2
FS00673,36.76,4,V003-P011-C061-S000,9636,9646,19492,19515,11,490,12,48.5,dialogue_scene,turn|closure|explanation,4,39,8,1,2,1,2,1,1,1,2,20,0
FS00674,36.81,4,V003-P011-C062-S000,9647,9669,19517,19561,23,741,20,37.5,dialogue_scene,turn|closure|judgment,5,42,6,0,4,2,3,0,0,0,3,22,2
FS00675,36.87,4,V003-P011-C062-S000,9670,9690,19563,19603,21,738,18,37.0,dialogue_scene,turn|character|humor_aside,7,41,2,0,7,2,2,6,0,7,1,12,2
FS00676,36.92,4,V003-P011-C062-S000,9691,9701,19605,19625,11,673,13,50,dialogue_scene,turn|closure|explanation,3,44,2,2,3,0,0,3,2,1,3,28,0
FS00677,36.97,4,V003-P011-C062-S000,9702,9728,19627,19679,27,759,25,22,dialogue_scene,turn|humor_aside|character,6,43,1,0,5,0,4,6,0,3,1,22,1
FS00678,37.03,4,V003-P011-C062-S000,9729,9742,19681,19707,14,726,16,46.0,dialogue_scene,closure|judgment|turn,3,35,1,1,2,2,4,0,0,0,3,22,0
FS00679,37.08,4,V003-P011-C062-S000,9743,9757,19709,19737,15,758,19,38,character,dialogue_scene|humor_aside|explanation,4,25,0,2,2,2,1,4,3,5,2,4,0
FS00680,37.14,4,V003-P011-C062-S000,9758,9781,19739,19785,24,749,24,26.5,dialogue_scene,character|judgment|turn,5,49,6,0,2,2,4,0,1,13,2,18,1
FS00681,37.19,4,V003-P011-C062-S000,9782,9813,19787,19849,32,737,31,23,dialogue_scene,turn|judgment|character,4,38,5,0,3,2,0,2,0,2,2,22,0
FS00682,37.25,4,V003-P011-C062-S000,9814,9841,19851,19905,28,728,29,18,dialogue_scene,turn|judgment|narration,4,51,6,0,5,4,4,0,1,2,1,28,0
FS00683,37.3,4,V003-P011-C062-S000,9842,9866,19907,19955,25,746,32,19.5,dialogue_scene,turn|narration|character,4,35,10,0,4,0,4,0,0,1,0,16,0
FS00684,37.36,4,V003-P011-C062-S000,9867,9884,19957,19994,18,497,20,13.0,dialogue_scene,turn|narration|judgment,3,22,5,0,3,1,3,0,1,0,1,8,0
FS00685,37.41,4,V003-P011-C063-S000,9885,9899,19996,20024,15,747,18,39.0,humor_aside,turn|character|narration,4,20,1,0,5,0,2,8,1,2,0,0,1
FS00686,37.47,4,V003-P011-C063-S000,9900,9913,20026,20052,14,758,17,43,explanation,narration|closure|humor_aside,6,28,10,4,1,1,3,2,5,0,2,0,0
FS00687,37.52,4,V003-P011-C063-S000,9914,9929,20054,20084,16,690,18,38.5,dialogue_scene,turn|narration|closure,5,28,9,0,4,1,2,0,4,0,2,6,0
FS00688,37.58,4,V003-P011-C063-S000,9930,9947,20086,20120,18,750,19,32,humor_aside,dialogue_scene|inventory|narration,3,23,2,1,1,1,1,6,3,1,1,4,2
FS00689,37.63,4,V003-P011-C063-S000,9948,9969,20122,20164,22,737,24,31.0,dialogue_scene,turn|humor_aside|judgment,3,36,3,0,3,1,2,4,1,1,0,21,0
FS00690,37.68,4,V003-P011-C063-S000,9970,9980,20166,20186,11,683,11,61,humor_aside,judgment|turn|narration,4,15,2,0,2,2,2,4,2,0,1,0,0
FS00691,37.74,4,V003-P011-C063-S000,9981,10001,20188,20228,21,728,22,32.0,dialogue_scene,turn|humor_aside|judgment,4,33,9,0,2,1,2,2,1,0,1,14,1
FS00692,37.79,4,V003-P011-C063-S000,10002,10021,20230,20268,20,735,20,34.0,dialogue_scene,judgment|explanation|turn,4,33,7,2,2,4,0,0,4,0,1,11,2
FS00693,37.85,4,V003-P011-C063-S000,10022,10042,20270,20313,21,461,17,24,dialogue_scene,explanation|turn|judgment,2,23,3,1,2,1,0,0,3,0,0,12,1
FS00694,37.9,4,V003-P011-C064-S000,10043,10076,20315,20381,34,751,30,23.5,dialogue_scene,turn|humor_aside|narration,4,42,8,0,3,0,3,2,0,0,0,26,0
FS00695,37.96,4,V003-P011-C064-S000,10077,10095,20383,20419,19,757,22,34.0,dialogue_scene,character|judgment|turn,3,23,3,1,2,2,1,2,2,3,0,7,0
FS00696,38.01,4,V003-P011-C064-S000,10096,10112,20421,20453,17,707,20,32.5,dialogue_scene,judgment|turn|humor_aside,0,20,2,0,2,2,0,2,2,1,1,8,0
FS00697,38.07,4,V003-P011-C064-S000,10113,10136,20455,20501,24,733,26,23.5,dialogue_scene,turn|inventory|judgment,4,17,3,0,3,1,1,0,0,1,1,5,2
FS00698,38.12,4,V003-P011-C064-S000,10137,10166,20503,20561,30,744,25,28,dialogue_scene,turn|narration|humor_aside,4,33,5,0,3,1,2,2,3,0,1,16,0
FS00699,38.18,4,V003-P011-C064-S000,10167,10190,20563,20609,24,744,25,28,dialogue_scene,turn|narration|character,4,32,2,0,3,0,4,0,2,1,0,20,0
FS00700,38.23,4,V003-P011-C064-S000,10191,10215,20611,20659,25,756,28,28.0,dialogue_scene,judgment|turn|narration,4,38,7,0,4,4,5,0,1,1,1,14,1
FS00701,38.29,4,V003-P011-C064-S000,10216,10238,20661,20705,23,704,26,23.5,dialogue_scene,humor_aside|explanation|inventory,3,12,1,1,0,0,0,2,2,0,0,5,1
FS00702,38.34,4,V003-P011-C064-S000,10239,10261,20707,20751,23,745,24,32.0,turn,dialogue_scene|explanation|judgment,5,13,3,1,3,1,2,0,0,0,1,2,0
FS00703,38.39,4,V003-P011-C064-S000,10262,10297,20753,20823,36,744,36,17.5,dialogue_scene,turn|judgment|inventory,6,43,1,1,5,2,4,0,0,0,0,28,2
FS00704,38.45,4,V003-P011-C064-S000,10298,10319,20825,20867,22,736,17,36,dialogue_scene,humor_aside|narration|turn,4,35,2,1,2,1,2,10,5,0,0,11,1
FS00705,38.5,4,V003-P011-C064-S000,10320,10337,20869,20903,18,627,21,29,turn,humor_aside|narration|closure,5,21,3,1,4,0,5,4,2,0,2,0,0
FS00706,38.56,4,V003-P011-C065-S000,10338,10349,20908,20930,12,709,14,52.0,explanation,judgment|turn|dialogue_scene,6,17,2,2,2,2,1,2,2,1,1,2,0
FS00707,38.61,4,V003-P011-C065-S000,10350,10367,20932,20966,18,751,23,32,dialogue_scene,humor_aside|narration|turn,3,14,1,0,1,0,2,2,1,0,0,7,0
FS00708,38.67,4,V003-P011-C065-S000,10368,10391,20968,21014,24,707,24,27.0,turn,judgment|narration|closure,6,29,4,2,4,3,3,2,6,0,3,2,0
FS00709,38.72,4,V003-P011-C065-S000,10392,10411,21016,21054,20,742,26,22.5,turn,dialogue_scene|closure|inventory,7,25,2,0,4,0,2,2,3,2,3,4,3
FS00710,38.78,4,V003-P011-C065-S000,10412,10437,21056,21106,26,757,27,31,dialogue_scene,turn|humor_aside|narration,4,36,7,0,3,1,4,4,1,0,0,16,0
FS00711,38.83,4,V003-P011-C065-S000,10438,10460,21108,21152,23,734,25,21,turn,character|explanation|dialogue_scene,6,16,0,2,3,0,1,0,3,4,0,2,1
FS00712,38.89,4,V003-P011-C065-S000,10461,10473,21154,21181,13,461,12,36.0,humor_aside,judgment|turn|closure,3,11,1,0,1,1,0,6,1,0,1,0,0
FS00713,38.94,4,V003-P011-C066-S000,10474,10489,21183,21213,16,739,18,36.0,humor_aside,narration|character|turn,5,21,1,0,2,0,4,4,4,3,2,0,1
FS00714,39.0,4,V003-P011-C066-S000,10490,10510,21215,21255,21,757,24,28.5,dialogue_scene,judgment|narration|turn,4,26,1,1,2,3,1,0,7,0,2,9,0
FS00715,39.05,4,V003-P011-C066-S000,10511,10531,21257,21297,21,759,22,29.5,dialogue_scene,turn|humor_aside|narration,3,22,0,0,3,1,4,3,1,1,0,8,1
FS00716,39.1,4,V003-P011-C066-S000,10532,10554,21299,21343,23,690,21,34,turn,dialogue_scene|narration|character,7,28,0,0,9,0,6,0,4,1,0,7,1
FS00717,39.16,4,V003-P011-C066-S000,10555,10569,21345,21373,15,732,19,39,narration,character|dialogue_scene|judgment,2,16,1,0,1,1,5,0,2,3,0,2,1
FS00718,39.21,4,V003-P011-C066-S000,10570,10580,21375,21395,11,723,16,41.5,narration,dialogue_scene|closure|explanation,2,28,2,1,1,1,2,0,12,0,3,6,0
FS00719,39.27,4,V003-P011-C066-S000,10581,10598,21397,21431,18,720,18,37.5,dialogue_scene,humor_aside|closure|narration,4,29,7,0,1,0,0,6,3,1,3,8,0
FS00720,39.32,4,V003-P011-C066-S000,10599,10618,21433,21471,20,723,22,36.0,turn,narration|dialogue_scene|humor_aside,6,21,2,0,4,1,4,2,5,0,1,2,0
FS00721,39.38,4,V003-P011-C066-S000,10619,10635,21473,21505,17,758,22,31.0,closure,turn|dialogue_scene|judgment,6,18,6,0,2,1,1,0,2,1,3,2,0
FS00722,39.43,4,V003-P011-C066-S000,10636,10649,21507,21533,14,726,19,37,inventory,turn|narration|humor_aside,6,22,2,0,3,1,3,2,2,0,1,0,8
FS00723,39.49,4,V003-P011-C066-S000,10650,10659,21535,21556,10,476,10,41.5,turn,narration|judgment|dialogue_scene,5,20,0,0,4,2,7,2,2,0,0,2,1
FS00724,39.54,4,V003-P011-C067-S000,10660,10678,21558,21594,19,736,21,36,turn,humor_aside|inventory|dialogue_scene,7,30,1,0,5,0,4,7,1,1,2,3,6
FS00725,39.6,4,V003-P011-C067-S000,10679,10695,21596,21628,17,753,23,31,dialogue_scene,turn|explanation|inventory,3,23,4,2,4,0,1,0,1,1,0,8,2
FS00726,39.65,4,V003-P011-C067-S000,10696,10709,21630,21656,14,694,16,47.5,character,dialogue_scene|explanation|judgment,1,13,2,1,0,1,0,1,2,4,0,2,0
FS00727,39.71,4,V003-P011-C067-S000,10710,10721,21658,21680,12,700,15,44,humor_aside,turn|dialogue_scene|narration,7,27,2,1,3,1,2,6,4,0,2,4,2
FS00728,39.76,4,V003-P011-C067-S000,10722,10743,21682,21724,22,760,20,33.0,dialogue_scene,turn|explanation|judgment,3,19,1,2,3,2,1,2,0,0,1,6,1
FS00729,39.81,4,V003-P011-C067-S000,10744,10767,21726,21772,24,724,24,24.5,dialogue_scene,turn|humor_aside|narration,6,36,1,0,5,1,4,5,4,1,0,12,3
FS00730,39.87,4,V003-P011-C067-S000,10768,10786,21774,21810,19,755,21,32,turn,dialogue_scene|narration,5,13,0,0,4,0,5,0,1,0,0,3,0
FS00731,39.92,4,V003-P011-C067-S000,10787,10803,21812,21844,17,750,21,35,closure,explanation|judgment|narration,4,17,2,2,0,2,4,0,1,2,3,1,0
FS00732,39.98,4,V003-P011-C067-S000,10804,10821,21846,21880,18,718,18,39.0,turn,closure|dialogue_scene|humor_aside,7,19,3,0,6,0,3,2,1,0,2,2,0
FS00733,40.03,4,V003-P011-C067-S000,10822,10852,21882,21942,31,752,29,22,dialogue_scene,narration|inventory|judgment,1,29,2,0,1,2,2,0,5,0,0,14,3
FS00734,40.09,5,V003-P011-C067-S000,10853,10885,21944,22008,33,737,29,20,dialogue_scene,narration|humor_aside|explanation,1,44,4,1,1,1,2,2,3,0,0,30,0
FS00735,40.14,5,V003-P011-C067-S000,10886,10908,22010,22054,23,742,24,30.5,dialogue_scene,narration|turn|closure,6,32,5,1,3,1,4,2,5,1,3,5,2
FS00736,40.2,5,V003-P011-C067-S000,10909,10929,22056,22096,21,710,23,28,dialogue_scene,character|humor_aside|explanation,1,17,1,1,1,0,2,2,1,2,1,6,0
FS00737,40.25,5,V003-P011-C067-S000,10930,10954,22098,22146,25,755,23,28,dialogue_scene,narration|judgment|turn,3,38,4,0,3,3,4,4,6,1,1,9,3
FS00738,40.31,5,V003-P011-C067-S000,10955,10985,22148,22208,31,710,25,23,dialogue_scene,narration|judgment|turn,2,39,7,0,1,1,3,0,3,0,1,23,0
FS00739,40.36,5,V003-P011-C068-S000,10986,11009,22213,22259,24,725,25,18,dialogue_scene,judgment|turn|narration,3,25,4,0,3,3,4,2,1,0,0,8,0
FS00740,40.42,5,V003-P011-C068-S000,11010,11040,22261,22321,31,710,28,22.5,dialogue_scene,inventory|judgment|turn,2,27,6,0,1,1,0,0,0,0,0,17,2
FS00741,40.47,5,V003-P011-C068-S000,11041,11068,22323,22377,28,742,23,30,dialogue_scene,judgment|turn|narration,3,32,4,0,2,2,1,0,3,1,0,19,0
FS00742,40.52,5,V003-P011-C068-S000,11069,11090,22379,22421,22,752,20,32.5,dialogue_scene,character|closure|humor_aside,0,30,4,0,1,1,2,2,1,2,2,14,1
FS00743,40.58,5,V003-P011-C068-S000,11091,11114,22423,22469,24,749,26,19.5,dialogue_scene,humor_aside|closure|explanation,4,35,3,2,1,1,3,4,3,1,3,12,2
FS00744,40.63,5,V003-P011-C068-S000,11115,11139,22471,22519,25,741,21,35,dialogue_scene,judgment|closure|narration,5,34,9,1,1,3,2,0,2,0,3,12,1
FS00745,40.69,5,V003-P011-C068-S000,11140,11161,22521,22563,22,732,18,29.5,dialogue_scene,turn|explanation|narration,3,33,3,2,3,1,3,1,2,1,0,17,0
FS00746,40.74,5,V003-P011-C068-S000,11162,11177,22565,22595,16,752,18,46.5,turn,dialogue_scene|judgment|narration,3,17,0,0,3,2,4,2,1,1,0,4,0
FS00747,40.8,5,V003-P011-C068-S000,11178,11189,22597,22619,12,704,16,43.5,humor_aside,turn|dialogue_scene|explanation,2,17,3,1,2,1,0,4,2,1,1,2,0
FS00748,40.85,5,V003-P011-C068-S000,11190,11206,22621,22653,17,679,16,39.0,closure,dialogue_scene|turn|character,2,15,4,0,1,0,0,0,1,1,4,4,0
FS00749,40.91,5,V003-P011-C068-S000,11207,11222,22655,22685,16,707,18,28.0,dialogue_scene,explanation|humor_aside|narration,2,20,3,1,0,0,1,2,2,0,1,10,0
FS00750,40.96,5,V003-P011-C068-S000,11223,11238,22687,22717,16,716,16,31.0,humor_aside,narration|turn|judgment,6,32,5,0,4,2,3,6,9,1,0,2,0
FS00751,41.02,5,V003-P011-C068-S000,11239,11255,22719,22751,17,745,23,31,dialogue_scene,humor_aside|turn|character,3,16,3,0,2,0,0,4,1,1,1,4,0
FS00752,41.07,5,V003-P011-C068-S000,11256,11271,22753,22783,16,717,20,35.5,turn,humor_aside|closure|narration,7,20,0,0,5,1,4,4,1,1,3,0,1
FS00753,41.13,5,V003-P011-C068-S000,11272,11297,22785,22835,26,751,20,34.5,humor_aside,dialogue_scene|narration|closure,1,44,6,1,0,1,0,24,5,1,2,4,0
FS00754,41.18,5,V003-P011-C068-S000,11298,11308,22837,22857,11,721,16,45.0,narration,humor_aside|inventory|explanation,3,30,3,1,0,0,4,4,14,0,1,0,3
FS00755,41.23,5,V003-P011-C068-S000,11309,11318,22859,22880,10,498,11,40,dialogue_scene,humor_aside|character|explanation,3,24,1,1,0,0,3,6,0,3,1,8,1
FS00756,41.29,5,V003-P011-C069-S000,11319,11333,22882,22910,15,746,16,50.5,turn,narration|closure|character,3,11,1,0,2,0,1,0,4,1,2,0,0
FS00757,41.34,5,V003-P011-C069-S000,11334,11363,22912,22970,30,733,32,25.5,dialogue_scene,turn|humor_aside|narration,7,38,2,1,5,0,3,4,2,1,2,17,1
FS00758,41.4,5,V003-P011-C069-S000,11364,11380,22972,23004,17,723,16,47.0,turn,dialogue_scene|judgment|humor_aside,7,21,0,0,6,2,2,2,1,1,1,6,0
FS00759,41.45,5,V003-P011-C069-S000,11381,11397,23006,23038,17,748,20,34.5,dialogue_scene,turn|humor_aside|explanation,4,23,1,2,3,1,1,4,2,1,2,6,0
FS00760,41.51,5,V003-P011-C069-S000,11398,11417,23040,23078,20,749,21,29,humor_aside,dialogue_scene|explanation|judgment,2,19,3,1,0,1,2,6,1,1,0,4,0
FS00761,41.56,5,V003-P011-C069-S000,11418,11439,23080,23122,22,700,21,25,humor_aside,dialogue_scene|turn|judgment,8,29,1,1,4,2,4,8,1,0,2,6,0
FS00762,41.62,5,V003-P011-C070-S000,11440,11462,23127,23171,23,741,23,35,turn,dialogue_scene|humor_aside|narration,5,22,5,0,3,0,3,4,2,0,0,4,1
FS00763,41.67,5,V003-P011-C070-S000,11463,11478,23173,23203,16,737,19,35,turn,judgment|narration|closure,7,23,3,0,5,4,1,2,5,0,2,1,0
FS00764,41.73,5,V003-P011-C070-S000,11479,11492,23205,23231,14,729,14,53.0,narration,dialogue_scene|humor_aside|judgment,1,32,5,0,2,2,0,4,13,0,0,4,2
FS00765,41.78,5,V003-P011-C070-S000,11493,11513,23233,23273,21,746,22,29.5,dialogue_scene,narration|judgment|humor_aside,3,21,2,0,1,2,3,2,4,0,0,6,1
FS00766,41.84,5,V003-P011-C070-S000,11514,11529,23275,23305,16,724,20,29.5,humor_aside,turn|dialogue_scene|explanation,1,13,1,1,2,0,0,4,2,1,0,2,0
FS00767,41.89,5,V003-P011-C070-S000,11530,11543,23307,23336,14,470,14,27.0,turn,dialogue_scene|humor_aside|judgment,3,14,0,0,4,1,1,2,1,1,0,4,0
FS00768,41.94,5,V003-P011-C071-S000,11544,11558,23338,23366,15,707,18,43.5,judgment,humor_aside|character|closure,5,20,0,1,1,3,3,4,0,3,3,0,2
FS00769,42.0,5,V003-P011-C071-S000,11559,11587,23368,23424,29,744,29,22,dialogue_scene,turn|character|judgment,4,24,2,0,3,2,0,2,4,3,1,6,1
FS00770,42.05,5,V003-P011-C071-S000,11588,11610,23426,23470,23,726,23,28,judgment,dialogue_scene|humor_aside|narration,1,14,1,0,1,3,2,2,1,0,1,2,1
FS00771,42.11,5,V003-P011-C071-S000,11611,11635,23472,23520,25,732,25,25,dialogue_scene,turn|explanation|humor_aside,6,39,3,1,5,1,2,2,0,1,0,24,0
FS00772,42.16,5,V003-P011-C071-S000,11636,11658,23522,23566,23,760,22,35.0,turn,dialogue_scene|character|judgment,4,20,4,0,6,1,1,0,1,2,0,4,1
FS00773,42.22,5,V003-P011-C071-S000,11659,11679,23568,23608,21,754,24,32.0,dialogue_scene,turn|explanation|humor_aside,3,44,7,3,4,1,0,4,0,0,1,23,1
FS00774,42.27,5,V003-P011-C071-S000,11680,11699,23610,23648,20,733,24,32.0,turn,explanation|dialogue_scene|judgment,4,15,2,2,4,1,1,0,2,0,1,2,0
FS00775,42.33,5,V003-P011-C071-S000,11700,11721,23650,23692,22,735,21,28,dialogue_scene,turn|judgment|humor_aside,5,30,2,0,4,3,3,4,2,1,0,11,0
FS00776,42.38,5,V003-P011-C071-S000,11722,11747,23694,23744,26,729,28,20.0,dialogue_scene,humor_aside|narration|turn,5,27,1,0,2,0,4,6,3,0,2,8,1
FS00777,42.44,5,V003-P011-C071-S000,11748,11760,23746,23773,13,462,14,31.5,closure,humor_aside|judgment|inventory,1,7,0,0,0,1,0,2,1,0,2,0,1
FS00778,42.49,5,V003-P011-C072-S000,11761,11779,23775,23811,19,689,20,28.0,humor_aside,narration|dialogue_scene|turn,5,24,2,0,2,0,2,6,7,0,2,3,0
FS00779,42.55,5,V003-P011-C072-S000,11780,11790,23813,23833,11,703,11,64,turn,judgment|closure|narration,7,12,2,0,4,3,0,0,1,0,2,0,0
FS00780,42.6,5,V003-P011-C072-S000,11791,11816,23835,23885,26,733,23,28,dialogue_scene,turn|narration|closure,4,37,10,0,2,0,3,0,1,0,1,20,0
FS00781,42.65,5,V003-P011-C072-S000,11817,11842,23887,23937,26,731,22,26.0,dialogue_scene,turn|narration|closure,5,38,4,1,4,1,1,0,10,0,2,15,0
FS00782,42.71,5,V003-P011-C072-S000,11843,11865,23939,23983,23,714,23,30,dialogue_scene,humor_aside|narration|turn,5,36,6,1,3,1,3,5,7,1,2,7,0
FS00783,42.76,5,V003-P011-C072-S000,11866,11887,23985,24027,22,711,24,25.0,dialogue_scene,humor_aside|narration|judgment,3,20,0,0,1,1,2,2,2,1,1,10,0
FS00784,42.82,5,V003-P011-C072-S000,11888,11905,24029,24063,18,711,21,30,dialogue_scene,narration|closure|humor_aside,3,26,3,0,1,1,1,2,5,0,2,9,2
FS00785,42.87,5,V003-P011-C072-S000,11906,11924,24065,24101,19,753,20,38.5,turn,dialogue_scene|narration|closure,6,24,0,0,5,1,4,2,2,0,2,7,1
FS00786,42.93,5,V003-P011-C072-S000,11925,11951,24103,24155,27,758,27,27,dialogue_scene,turn|judgment|narration,4,29,0,1,4,2,4,0,1,0,0,16,1
FS00787,42.98,5,V003-P011-C072-S000,11952,11971,24157,24195,20,751,23,30,turn,dialogue_scene|narration|humor_aside,7,19,0,0,7,0,5,2,1,0,1,3,0
FS00788,43.04,5,V003-P011-C072-S000,11972,11988,24197,24229,17,756,17,44,turn,narration|closure|dialogue_scene,8,30,0,2,4,2,5,2,5,2,4,3,1
FS00789,43.09,5,V003-P011-C072-S000,11989,12008,24231,24272,20,491,18,26.5,turn,narration|dialogue_scene|closure,7,28,1,0,7,1,5,2,4,1,3,4,0
FS00790,43.15,5,V003-P011-C073-S000,12009,12028,24274,24312,20,733,21,32,turn,narration|humor_aside|character,3,27,1,0,4,0,3,4,6,3,3,2,1
FS00791,43.2,5,V003-P011-C073-S000,12029,12046,24314,24348,18,748,17,43,humor_aside,turn|explanation|narration,6,25,1,2,3,1,3,7,3,1,1,2,1
FS00792,43.26,5,V003-P011-C073-S000,12047,12065,24350,24386,19,728,17,44,dialogue_scene,narration|humor_aside|turn,1,24,1,0,2,0,2,4,7,0,0,8,0
FS00793,43.31,5,V003-P011-C073-S000,12066,12093,24388,24442,28,741,25,25,dialogue_scene,narration|humor_aside|explanation,3,28,6,1,1,1,3,2,2,0,1,11,0
FS00794,43.36,5,V003-P011-C073-S000,12094,12111,24444,24478,18,759,18,45.0,humor_aside,turn|closure|explanation,6,21,0,2,4,0,0,8,3,0,4,0,0
FS00795,43.42,5,V003-P011-C073-S000,12112,12130,24480,24516,19,690,22,21.5,judgment,turn|dialogue_scene|humor_aside,2,14,1,0,2,2,0,2,4,1,0,2,0
FS00796,43.47,5,V003-P011-C073-S000,12131,12150,24518,24556,20,722,20,30.0,dialogue_scene,narration|humor_aside|judgment,3,29,2,0,1,1,5,2,7,1,0,10,0
FS00797,43.53,5,V003-P011-C073-S000,12151,12168,24558,24592,18,743,22,28.5,turn,humor_aside|narration|judgment,8,18,4,0,6,1,4,2,0,0,1,0,0
FS00798,43.58,5,V003-P011-C073-S000,12169,12184,24594,24624,16,618,16,35.5,narration,turn|dialogue_scene|humor_aside,5,26,3,0,3,0,3,4,6,2,1,4,0
FS00799,43.64,5,V004-P012-C074-S000,12185,12205,24633,24673,21,757,26,25.5,dialogue_scene,humor_aside|turn|narration,6,35,4,2,4,0,2,6,7,1,1,7,1
FS00800,43.69,5,V004-P012-C074-S000,12206,12223,24675,24709,18,717,23,31,judgment,narration|humor_aside|character,3,41,4,0,2,5,4,6,9,5,1,2,3
FS00801,43.75,5,V004-P012-C074-S000,12224,12239,24711,24741,16,724,22,35.0,turn,narration|dialogue_scene|explanation,7,30,2,2,5,2,1,2,11,1,0,4,0
FS00802,43.8,5,V004-P012-C074-S000,12240,12260,24743,24783,21,712,19,37,dialogue_scene,turn|closure|humor_aside,5,24,3,0,4,0,1,2,1,1,3,9,0
FS00803,43.86,5,V004-P012-C074-S000,12261,12275,24785,24813,15,750,20,38.0,narration,turn|dialogue_scene|humor_aside,4,30,3,0,3,2,4,4,6,3,1,4,0
FS00804,43.91,5,V004-P012-C074-S000,12276,12299,24815,24861,24,743,28,23.5,dialogue_scene,humor_aside|narration|turn,4,50,6,1,3,1,2,6,7,3,3,16,2
FS00805,43.97,5,V004-P012-C074-S000,12300,12319,24863,24901,20,755,22,33.0,character,narration|closure|dialogue_scene,3,27,7,0,0,1,0,0,8,6,2,2,1
FS00806,44.02,5,V004-P012-C074-S000,12320,12332,24903,24927,13,671,15,39,turn,narration|character|inventory,4,20,0,0,5,1,3,0,5,3,1,0,2
FS00807,44.07,5,V004-P012-C074-S000,12333,12346,24929,24955,14,531,14,34.5,dialogue_scene,humor_aside|inventory|narration,2,18,4,0,1,0,2,2,2,1,0,4,2
FS00808,44.13,5,V004-P012-C075-S000,12347,12364,24960,24994,18,753,21,38,dialogue_scene,turn|humor_aside|narration,6,26,1,0,3,1,2,4,5,2,1,6,1
FS00809,44.18,5,V004-P012-C075-S000,12365,12383,24996,25032,19,748,20,30.0,character,turn|dialogue_scene|narration,7,36,7,0,4,1,3,2,6,6,1,5,1
FS00810,44.24,5,V004-P012-C075-S000,12384,12400,25034,25066,17,728,18,39.0,turn,explanation|narration|character,7,34,3,3,5,2,3,4,6,4,0,4,0
FS00811,44.29,5,V004-P012-C075-S000,12401,12415,25068,25096,15,743,20,34.5,character,closure|explanation|turn,6,18,1,2,2,0,1,0,4,4,3,0,1
FS00812,44.35,5,V004-P012-C075-S000,12416,12429,25098,25124,14,732,15,43,turn,judgment|humor_aside|explanation,6,15,3,1,3,2,1,2,1,1,1,0,0
FS00813,44.4,5,V004-P012-C075-S000,12430,12447,25126,25160,18,748,22,29.0,turn,dialogue_scene|judgment|narration,6,18,0,0,5,2,4,0,1,1,1,3,1
FS00814,44.46,5,V004-P012-C075-S000,12448,12465,25162,25196,18,738,18,42.0,closure,explanation|narration|turn,5,14,3,1,1,0,1,1,2,1,4,0,0
FS00815,44.51,5,V004-P012-C075-S000,12466,12482,25198,25230,17,741,20,35.5,dialogue_scene,turn|narration|humor_aside,4,34,8,1,4,0,3,2,3,1,1,11,0
FS00816,44.57,5,V004-P012-C075-S000,12483,12501,25232,25268,19,760,19,32,dialogue_scene,humor_aside|judgment|turn,3,23,10,0,1,1,1,2,0,1,1,6,0
FS00817,44.62,5,V004-P012-C075-S000,12502,12517,25270,25300,16,696,16,45.0,humor_aside,narration|turn|dialogue_scene,4,36,9,0,3,0,1,6,9,0,1,4,3
FS00818,44.68,5,V004-P012-C075-S000,12518,12532,25302,25330,15,689,16,42.5,dialogue_scene,explanation|judgment|turn,2,21,2,3,2,3,2,0,2,0,0,6,1
FS00819,44.73,5,V004-P012-C075-S000,12533,12546,25332,25358,14,760,17,35,turn,narration|judgment|closure,4,16,1,0,3,2,2,0,6,0,1,0,1
FS00820,44.78,5,V004-P012-C075-S000,12547,12554,25360,25377,8,493,9,49,inventory,turn|narration,2,10,0,0,2,0,1,0,3,0,0,0,4
FS00821,44.84,5,V004-P012-C076-S000,12555,12566,25379,25401,12,715,13,53,turn,narration|dialogue_scene|humor_aside,2,24,0,1,4,1,3,2,8,1,1,3,0
FS00822,44.89,5,V004-P012-C076-S000,12567,12581,25403,25431,15,760,16,35.0,humor_aside,turn|narration|character,1,28,1,0,4,0,2,10,5,2,2,0,2
FS00823,44.95,5,V004-P012-C076-S000,12582,12600,25433,25469,19,747,21,42,character,turn|dialogue_scene|closure,5,28,2,1,4,0,2,0,2,7,3,5,2
FS00824,45.0,5,V004-P012-C076-S000,12601,12621,25471,25511,21,757,16,48.0,dialogue_scene,narration|closure|turn,4,22,3,0,1,0,1,0,5,0,2,9,1
FS00825,45.06,5,V004-P012-C076-S000,12622,12635,25513,25539,14,755,17,38,narration,explanation|judgment|closure,6,29,2,3,1,3,2,1,11,1,2,2,1
FS00826,45.11,5,V004-P012-C076-S000,12636,12649,25541,25567,14,742,16,43.0,turn,narration|closure|character,6,27,2,0,4,1,4,0,7,2,5,2,0
FS00827,45.17,5,V004-P012-C076-S000,12650,12665,25569,25599,16,754,20,32.0,turn,humor_aside|judgment|closure,8,22,4,1,5,2,3,3,1,1,2,0,0
FS00828,45.22,5,V004-P012-C076-S000,12666,12680,25601,25629,15,743,17,45,humor_aside,character|judgment|narration,3,23,0,0,1,2,0,6,5,3,2,2,2
FS00829,45.28,5,V004-P012-C076-S000,12681,12698,25631,25665,18,756,23,31,turn,closure|narration|explanation,10,20,0,2,3,2,2,0,6,1,4,0,0
FS00830,45.33,5,V004-P012-C076-S000,12699,12717,25667,25703,19,702,21,35,dialogue_scene,explanation|turn|narration,6,18,0,2,2,0,2,2,3,2,1,4,0
FS00831,45.39,5,V004-P012-C077-S000,12718,12738,25708,25748,21,718,19,29,humor_aside,narration|dialogue_scene|explanation,3,19,1,1,1,1,2,4,6,1,0,2,0
FS00832,45.44,5,V004-P012-C077-S000,12739,12755,25750,25782,17,729,19,40,humor_aside,narration|explanation|judgment,4,28,1,2,2,2,1,8,6,0,2,2,2
FS00833,45.49,5,V004-P012-C077-S000,12756,12781,25784,25834,26,742,22,30.0,dialogue_scene,inventory|narration|turn,3,28,1,0,2,0,1,0,5,1,2,12,4
FS00834,45.55,5,V004-P012-C077-S000,12782,12798,25836,25868,17,727,20,31.0,dialogue_scene,humor_aside|character|judgment,7,23,1,1,2,2,0,4,0,3,2,6,2
FS00835,45.6,5,V004-P012-C077-S000,12799,12816,25870,25904,18,755,19,45,narration,judgment|turn|humor_aside,3,19,3,1,2,2,1,2,6,1,0,0,1
FS00836,45.66,5,V004-P012-C077-S000,12817,12839,25906,25950,23,738,21,26,dialogue_scene,explanation|turn|character,4,36,3,4,3,1,1,0,1,2,1,18,2
FS00837,45.71,5,V004-P012-C077-S000,12840,12855,25952,25982,16,754,19,42,turn,character|closure|explanation,5,11,0,0,3,0,1,0,0,3,3,0,1
FS00838,45.77,5,V004-P012-C077-S000,12856,12874,25984,26020,19,751,20,33.5,turn,narration|humor_aside|character,9,32,2,1,6,1,5,4,7,2,2,2,0
FS00839,45.82,5,V004-P012-C077-S000,12875,12899,26022,26070,25,752,25,25,dialogue_scene,character|turn|explanation,5,27,2,1,3,1,0,0,2,5,1,12,0
FS00840,45.88,5,V004-P012-C077-S000,12900,12923,26072,26118,24,750,22,36.5,dialogue_scene,narration|humor_aside|turn,5,35,5,1,2,0,3,3,4,0,1,14,2
FS00841,45.93,5,V004-P012-C077-S000,12924,12945,26120,26162,22,730,20,38.5,dialogue_scene,turn|judgment|closure,4,26,6,0,5,1,0,0,1,0,1,12,0
FS00842,45.99,5,V004-P012-C077-S000,12946,12968,26164,26208,23,740,21,34,humor_aside,turn|closure|narration,6,38,4,0,4,0,4,12,4,0,5,3,2
FS00843,46.04,5,V004-P012-C077-S000,12969,12982,26210,26236,14,721,15,48,humor_aside,turn|explanation|narration,8,34,1,3,4,1,3,14,6,0,1,0,1
FS00844,46.1,5,V004-P012-C077-S000,12983,13000,26238,26272,18,742,19,32,humor_aside,turn|inventory|narration,7,28,0,1,4,0,3,6,7,0,1,1,5
FS00845,46.15,5,V004-P012-C077-S000,13001,13012,26274,26296,12,599,15,36,character,narration|judgment|turn,6,24,1,0,2,2,1,2,7,6,2,0,1
FS00846,46.2,5,V004-P012-C078-S000,13013,13034,26301,26343,22,715,22,30.5,dialogue_scene,turn|narration|humor_aside,3,26,6,0,3,1,0,2,6,1,1,5,1
FS00847,46.26,5,V004-P012-C078-S000,13035,13051,26345,26377,17,709,19,38,turn,narration|judgment|dialogue_scene,8,32,3,0,6,3,2,4,8,1,1,4,0
FS00848,46.31,5,V004-P012-C078-S000,13052,13075,26379,26425,24,710,23,35,dialogue_scene,turn|judgment|closure,3,26,1,0,4,2,0,2,3,1,2,9,2
FS00849,46.37,5,V004-P012-C078-S000,13076,13092,26427,26459,17,707,20,36.0,turn,narration|closure|character,5,22,1,0,6,0,3,0,6,1,4,0,1
FS00850,46.42,5,V004-P012-C078-S000,13093,13111,26461,26497,19,708,17,45,turn,dialogue_scene|narration|explanation,6,28,1,3,4,1,3,2,7,1,1,5,0
FS00851,46.48,5,V004-P012-C078-S000,13112,13127,26499,26529,16,720,22,31.0,judgment,turn|dialogue_scene|humor_aside,4,15,0,0,3,3,1,2,0,0,1,4,1
FS00852,46.53,5,V004-P012-C078-S000,13128,13137,26531,26549,10,723,15,53,humor_aside,turn|closure|character,9,36,3,1,3,0,2,16,3,3,4,0,1
FS00853,46.59,5,V004-P012-C078-S000,13138,13153,26551,26581,16,728,16,43.5,character,closure|turn|explanation,5,17,2,1,2,0,3,0,0,5,4,0,0
FS00854,46.64,5,V004-P012-C078-S000,13154,13170,26583,26615,17,706,17,37,humor_aside,turn|narration|closure,6,25,0,0,4,0,4,6,7,1,2,0,1
FS00855,46.7,5,V004-P012-C078-S000,13171,13186,26617,26647,16,737,18,40.5,humor_aside,narration|closure|character,2,12,0,0,0,0,2,4,3,1,2,0,0
FS00856,46.75,5,V004-P012-C078-S000,13187,13197,26649,26669,11,598,15,34,closure,narration|humor_aside|judgment,7,17,0,0,1,1,3,2,5,1,4,0,0
FS00857,46.81,5,V004-P012-C079-S000,13198,13216,26674,26710,19,757,19,39,humor_aside,character|judgment|explanation,3,23,2,1,1,3,1,8,0,5,1,0,1
FS00858,46.86,5,V004-P012-C079-S000,13217,13238,26712,26754,22,754,23,33,character,humor_aside|inventory|closure,4,25,0,1,0,0,1,6,1,6,3,2,5
FS00859,46.91,5,V004-P012-C079-S000,13239,13257,26756,26792,19,750,17,46,humor_aside,turn|explanation|narration,5,30,3,2,3,0,3,12,2,1,2,2,0
FS00860,46.97,5,V004-P012-C079-S000,13258,13275,26794,26828,18,742,21,39,humor_aside,narration|closure|turn,5,21,0,1,2,1,3,4,4,1,3,2,0
FS00861,47.02,5,V004-P012-C079-S000,13276,13299,26830,26876,24,741,24,29.0,humor_aside,narration|closure|explanation,2,27,0,1,1,1,3,8,10,1,2,0,0
FS00862,47.08,5,V004-P012-C079-S000,13300,13316,26878,26910,17,697,20,37.5,turn,judgment|narration|closure,5,18,0,1,3,2,3,0,3,1,2,2,1
FS00863,47.13,5,V004-P012-C079-S000,13317,13333,26912,26944,17,749,20,40.0,turn,narration|dialogue_scene|closure,7,19,2,0,3,0,4,2,3,0,2,3,0
FS00864,47.19,5,V004-P012-C079-S000,13334,13362,26946,27002,29,751,27,28,dialogue_scene,judgment|turn|closure,4,33,3,0,2,2,1,2,3,0,2,16,2
FS00865,47.24,5,V004-P012-C079-S000,13363,13385,27004,27048,23,751,23,30,dialogue_scene,explanation|turn|humor_aside,4,21,1,2,2,0,1,2,3,0,1,9,0
FS00866,47.3,5,V004-P012-C079-S000,13386,13398,27050,27074,13,718,14,58.0,humor_aside,narration|dialogue_scene|explanation,1,27,3,1,0,1,3,10,6,0,0,2,1
FS00867,47.35,5,V004-P012-C079-S000,13399,13414,27076,27106,16,747,15,50,turn,narration|character|humor_aside,7,34,3,1,5,2,6,4,5,4,2,1,1
FS00868,47.41,5,V004-P012-C079-S000,13415,13431,27108,27140,17,746,19,36,character,judgment|turn|closure,3,20,1,1,2,2,0,2,3,6,2,0,1
FS00869,47.46,5,V004-P012-C079-S000,13432,13443,27142,27167,12,470,12,36.5,humor_aside,closure|judgment|character,4,16,0,0,1,2,1,6,1,2,3,0,0
FS00870,47.52,5,V004-P012-C080-S000,13444,13458,27169,27197,15,708,16,42.0,character,humor_aside|inventory|judgment,3,21,1,0,1,1,1,6,0,6,1,1,3
FS00871,47.57,5,V004-P012-C080-S000,13459,13474,27199,27229,16,731,17,42,humor_aside,closure|inventory|judgment,3,19,0,0,0,1,1,8,0,1,5,1,2
FS00872,47.62,5,V004-P012-C080-S000,13475,13495,27231,27271,21,759,16,43.5,dialogue_scene,explanation|turn|humor_aside,4,37,4,3,3,1,6,4,0,0,2,12,2
FS00873,47.68,5,V004-P012-C080-S000,13496,13514,27273,27309,19,721,19,33,dialogue_scene,turn|inventory|narration,3,27,1,0,4,1,4,2,2,2,0,6,5
FS00874,47.73,5,V004-P012-C080-S000,13515,13535,27311,27351,21,753,19,38,dialogue_scene,humor_aside|turn|explanation,4,42,8,1,3,1,2,6,0,1,1,18,1
FS00875,47.79,5,V004-P012-C080-S000,13536,13551,27353,27383,16,738,18,40.0,turn,judgment|explanation|narration,6,26,7,2,4,3,5,2,0,1,0,0,2
FS00876,47.84,5,V004-P012-C080-S000,13552,13573,27385,27427,22,752,24,27.5,dialogue_scene,character|turn|humor_aside,5,29,6,0,3,0,2,4,1,5,1,7,0
FS00877,47.9,5,V004-P012-C080-S000,13574,13590,27429,27461,17,722,20,30.5,explanation,turn|narration|inventory,8,18,5,3,2,0,2,0,3,0,1,0,2
FS00878,47.95,5,V004-P012-C080-S000,13591,13607,27463,27495,17,739,21,42,turn,dialogue_scene|explanation|character,5,22,4,2,3,1,1,0,2,2,2,4,1
FS00879,48.01,5,V004-P012-C080-S000,13608,13620,27497,27521,13,721,17,44,narration,turn|explanation|judgment,5,17,0,2,3,1,4,1,5,0,1,0,0
FS00880,48.06,5,V004-P012-C080-S000,13621,13634,27523,27549,14,722,24,28.0,turn,judgment|closure|dialogue_scene,6,23,0,2,4,3,3,0,2,2,3,3,1
FS00881,48.12,5,V004-P012-C080-S000,13635,13649,27551,27579,15,747,18,45.0,turn,dialogue_scene|explanation|narration,8,22,1,2,6,1,4,0,1,1,1,5,0
FS00882,48.17,5,V004-P012-C080-S000,13650,13668,27581,27617,19,756,22,30.5,turn,humor_aside|dialogue_scene|narration,7,27,2,0,7,0,3,8,1,1,0,4,1
FS00883,48.23,5,V004-P012-C080-S000,13669,13682,27619,27645,14,632,17,28,judgment,dialogue_scene|turn|character,5,22,2,1,2,4,2,2,2,2,1,4,0
FS00884,48.28,5,V004-P012-C081-S000,13683,13696,27650,27676,14,716,15,52,dialogue_scene,narration|inventory|explanation,1,18,4,1,0,0,0,0,5,1,1,4,2
FS00885,48.33,5,V004-P012-C081-S000,13697,13714,27678,27712,18,760,23,27,dialogue_scene,humor_aside|character|narration,2,35,0,1,2,0,3,6,5,5,2,8,3
FS00886,48.39,5,V004-P012-C081-S000,13715,13725,27714,27734,11,694,11,60,humor_aside,inventory|judgment|explanation,0,28,10,1,0,2,1,6,2,1,1,0,4
FS00887,48.44,5,V004-P012-C081-S000,13726,13738,27736,27760,13,731,16,35.0,dialogue_scene,explanation|humor_aside|narration,5,27,0,3,2,1,4,4,3,1,0,8,1
FS00888,48.5,5,V004-P012-C081-S000,13739,13756,27762,27796,18,737,19,33,explanation,dialogue_scene|humor_aside|turn,4,30,3,5,3,1,0,6,4,0,0,6,2
FS00889,48.55,5,V004-P012-C081-S000,13757,13774,27798,27832,18,698,18,34.0,humor_aside,dialogue_scene|narration|inventory,2,34,7,0,1,0,4,8,5,0,1,6,2
FS00890,48.61,5,V004-P012-C081-S000,13775,13792,27834,27868,18,751,21,42,character,dialogue_scene|closure|inventory,6,27,2,1,1,1,2,2,2,6,3,4,3
FS00891,48.66,5,V004-P012-C081-S000,13793,13806,27870,27896,14,752,18,43.0,dialogue_scene,closure|explanation|humor_aside,4,30,11,2,2,0,1,3,1,2,3,4,1
FS00892,48.72,5,V004-P012-C081-S000,13807,13825,27898,27934,19,757,19,34,dialogue_scene,humor_aside|turn|narration,6,22,1,1,2,0,3,4,1,0,1,8,1
FS00893,48.77,5,V004-P012-C081-S000,13826,13844,27936,27972,19,734,22,30.0,turn,dialogue_scene|judgment|closure,5,17,2,1,3,2,1,0,1,0,2,4,1
FS00894,48.83,5,V004-P012-C081-S000,13845,13859,27974,28005,15,473,16,24.5,dialogue_scene,turn|character|closure,3,19,2,0,2,0,1,0,1,2,1,10,0
FS00895,48.88,5,V004-P012-C082-S000,13860,13886,28007,28059,27,738,27,22,dialogue_scene,humor_aside|turn|character,6,24,7,0,2,1,1,4,2,2,0,4,1
FS00896,48.94,5,V004-P012-C082-S000,13887,13905,28061,28097,19,757,22,33.0,dialogue_scene,humor_aside|inventory|turn,5,17,2,0,2,0,0,3,1,1,2,3,3
FS00897,48.99,5,V004-P012-C082-S000,13906,13923,28099,28133,18,734,23,33,dialogue_scene,judgment|turn|character,6,26,8,0,2,2,3,0,1,2,1,7,0
FS00898,49.04,5,V004-P012-C082-S000,13924,13943,28135,28173,20,755,22,35.5,turn,explanation|dialogue_scene|humor_aside,5,16,1,3,4,0,1,2,1,1,1,2,0
FS00899,49.1,5,V004-P012-C082-S000,13944,13965,28175,28217,22,748,26,26.0,dialogue_scene,turn|closure|narration,7,28,7,1,3,0,2,0,2,1,2,10,0
FS00900,49.15,5,V004-P012-C082-S000,13966,13983,28219,28253,18,733,19,37,dialogue_scene,humor_aside|judgment|narration,7,31,1,0,3,3,5,6,4,1,2,6,0
FS00901,49.21,5,V004-P012-C082-S000,13984,14003,28255,28293,20,703,21,30,dialogue_scene,narration|closure|turn,5,27,2,1,2,0,5,2,5,0,3,7,0
FS00902,49.26,5,V004-P012-C082-S000,14004,14017,28295,28321,14,733,15,54,judgment,turn|humor_aside|inventory,4,17,0,0,3,3,1,4,2,1,1,0,2
FS00903,49.32,5,V004-P012-C082-S000,14018,14028,28323,28346,11,493,14,35.0,character,dialogue_scene|judgment|narration,1,11,1,0,1,1,2,0,1,2,0,2,1
FS00904,49.37,5,V004-P012-C083-S000,14029,14045,28348,28380,17,748,19,40,humor_aside,turn|inventory|dialogue_scene,5,34,4,0,3,1,2,16,1,1,0,2,4
FS00905,49.43,5,V004-P012-C083-S000,14046,14065,28382,28420,20,739,21,34,dialogue_scene,humor_aside|narration|closure,3,21,2,0,1,0,3,4,2,1,2,4,2
FS00906,49.48,5,V004-P012-C083-S000,14066,14083,28422,28456,18,752,22,33.5,turn,closure|explanation|judgment,7,17,4,1,3,1,0,0,2,1,3,1,1
FS00907,49.54,5,V004-P012-C083-S000,14084,14103,28458,28496,20,726,21,37,dialogue_scene,explanation|humor_aside|turn,6,34,2,4,3,0,1,5,4,1,2,10,2
FS00908,49.59,5,V004-P012-C083-S000,14104,14127,28498,28544,24,721,21,29,dialogue_scene,turn|explanation|narration,6,22,0,2,4,1,2,0,3,1,1,8,0
FS00909,49.65,5,V004-P012-C083-S000,14128,14154,28546,28598,27,753,21,34,dialogue_scene,turn|narration|inventory,5,37,2,1,3,1,2,0,4,1,0,21,2
FS00910,49.7,5,V004-P012-C083-S000,14155,14171,28600,28632,17,760,19,36,turn,dialogue_scene|narration|judgment,8,24,1,1,5,2,2,0,6,1,0,5,1
FS00911,49.75,5,V004-P012-C083-S000,14172,14193,28634,28676,22,696,18,32.5,dialogue_scene,turn|narration|closure,4,28,3,0,3,0,4,2,2,1,2,11,0
FS00912,49.81,5,V004-P012-C083-S000,14194,14210,28678,28710,17,726,15,46,dialogue_scene,closure|humor_aside|turn,5,27,2,1,2,1,2,4,3,1,4,7,0
FS00913,49.86,5,V004-P012-C083-S000,14211,14231,28712,28752,21,760,21,38,judgment,dialogue_scene|humor_aside|turn,5,23,2,0,2,4,0,4,5,1,1,4,0
FS00914,49.92,5,V004-P012-C083-S000,14232,14249,28754,28788,18,746,21,31,turn,narration|dialogue_scene|inventory,9,32,1,0,6,1,5,2,7,0,2,5,3
FS00915,49.97,5,V004-P012-C083-S000,14250,14261,28790,28812,12,586,15,39,turn,character|narration|humor_aside,6,15,0,0,4,1,3,2,2,3,0,0,0
FS00916,50.03,5,V004-P012-C084-S000,14262,14276,28817,28845,15,756,17,38,humor_aside,explanation|turn|character,4,17,1,2,2,0,0,4,2,2,1,2,1
FS00917,50.08,6,V004-P012-C084-S000,14277,14296,28847,28885,20,756,20,36.5,dialogue_scene,narration|inventory|explanation,4,20,1,1,1,0,1,2,6,0,1,4,3
FS00918,50.14,6,V004-P012-C084-S000,14297,14315,28887,28923,19,752,19,38,dialogue_scene,narration|turn|humor_aside,3,27,1,0,3,1,3,4,6,2,0,6,1
FS00919,50.19,6,V004-P012-C084-S000,14316,14327,28925,28947,12,743,14,49.5,humor_aside,turn|explanation|closure,5,24,0,2,3,1,1,12,2,1,2,0,0
FS00920,50.25,6,V004-P012-C084-S000,14328,14340,28949,28973,13,650,15,37,turn,judgment|character|closure,5,17,0,0,5,3,0,0,4,2,2,0,1
FS00921,50.3,6,V004-P012-C084-S000,14341,14358,28975,29009,18,748,19,35,dialogue_scene,turn|closure|humor_aside,5,32,3,1,6,0,3,2,1,1,2,12,1
FS00922,50.35,6,V004-P012-C084-S000,14359,14378,29011,29049,20,742,20,39.5,dialogue_scene,turn|humor_aside|judgment,7,23,3,0,4,1,0,2,2,1,1,8,1
FS00923,50.41,6,V004-P012-C084-S000,14379,14392,29051,29077,14,748,15,45,narration,turn|character|humor_aside,4,29,0,0,3,1,2,4,10,4,2,2,1
FS00924,50.46,6,V004-P012-C084-S000,14393,14412,29079,29117,20,741,20,36.0,dialogue_scene,turn|humor_aside|judgment,9,25,2,0,4,2,3,4,0,2,2,6,0
FS00925,50.52,6,V004-P012-C084-S000,14413,14430,29119,29153,18,745,22,33.5,dialogue_scene,turn|humor_aside|character,3,15,1,0,2,0,0,2,1,1,1,6,1
FS00926,50.57,6,V004-P012-C084-S000,14431,14443,29155,29179,13,730,14,49.0,character,turn|narration|closure,6,25,5,1,3,0,1,2,4,5,2,0,2
FS00927,50.63,6,V004-P012-C084-S000,14444,14463,29181,29219,20,699,22,25.0,turn,character|closure|dialogue_scene,3,15,1,0,2,0,3,2,1,2,2,2,0
FS00928,50.68,6,V004-P012-C084-S000,14464,14484,29221,29261,21,703,19,37,dialogue_scene,turn|character|explanation,2,12,1,1,2,0,0,0,3,2,0,3,0
FS00929,50.74,6,V004-P012-C084-S000,14485,14501,29263,29295,17,753,18,42.5,turn,inventory|closure|dialogue_scene,6,20,1,0,5,1,1,0,2,0,3,3,4
FS00930,50.79,6,V004-P012-C084-S000,14502,14526,29297,29345,25,756,23,28,dialogue_scene,turn|judgment|character,8,36,0,1,6,3,4,2,2,3,1,13,1
FS00931,50.85,6,V004-P012-C084-S000,14527,14548,29347,29389,22,729,22,34.0,turn,dialogue_scene|judgment|humor_aside,8,20,1,1,6,2,1,2,1,0,1,5,0
FS00932,50.9,6,V004-P012-C084-S000,14549,14565,29391,29423,17,746,14,57.5,humor_aside,turn|dialogue_scene|judgment,5,17,0,0,3,1,2,6,0,0,0,4,1
FS00933,50.96,6,V004-P012-C084-S000,14566,14580,29425,29453,15,700,17,34,turn,closure|narration|judgment,7,20,4,0,5,1,2,0,3,1,3,1,0
FS00934,51.01,6,V004-P012-C084-S000,14581,14601,29455,29495,21,746,20,39.5,turn,humor_aside|judgment|narration,8,20,1,0,5,2,4,4,2,1,1,0,0
FS00935,51.06,6,V004-P012-C084-S000,14602,14629,29497,29551,28,750,23,30,dialogue_scene,turn|humor_aside|narration,4,25,1,0,3,0,5,4,1,2,1,8,0
FS00936,51.12,6,V004-P012-C084-S000,14630,14639,29553,29574,10,460,10,43.0,humor_aside,closure|character|narration,4,17,2,0,1,0,0,6,3,2,3,0,0
FS00937,51.17,6,V004-P012-C085-S000,14640,14653,29576,29602,14,718,17,41,turn,humor_aside|explanation|narration,4,20,5,1,3,0,1,4,3,0,1,1,1
FS00938,51.23,6,V004-P012-C085-S000,14654,14668,29604,29632,15,730,18,34.0,humor_aside,explanation|narration|closure,3,10,2,1,0,0,1,2,2,0,1,0,1
FS00939,51.28,6,V004-P012-C085-S000,14669,14683,29634,29662,15,754,16,54.5,turn,humor_aside|closure|narration,8,20,1,0,5,0,2,4,4,0,3,0,1
FS00940,51.34,6,V004-P012-C085-S000,14684,14703,29664,29702,20,755,23,34,dialogue_scene,humor_aside|narration|closure,5,31,8,1,1,1,1,6,4,1,2,6,0
FS00941,51.39,6,V004-P012-C085-S000,14704,14720,29704,29736,17,718,16,43.0,dialogue_scene,humor_aside|judgment|narration,3,21,0,0,2,2,3,4,3,0,1,6,0
FS00942,51.45,6,V004-P012-C085-S000,14721,14736,29738,29768,16,744,16,44.5,dialogue_scene,character|turn|closure,3,12,0,0,1,0,1,0,1,3,1,4,1
FS00943,51.5,6,V004-P012-C085-S000,14737,14753,29770,29802,17,755,20,39.0,character,closure|turn|narration,5,18,0,1,2,1,4,0,1,3,3,2,1
FS00944,51.56,6,V004-P012-C085-S000,14754,14766,29804,29828,13,724,15,48,humor_aside,dialogue_scene|turn|narration,2,18,0,1,2,0,2,6,2,0,1,4,0
FS00945,51.61,6,V004-P012-C085-S000,14767,14778,29830,29852,12,714,14,54.0,explanation,humor_aside|closure|judgment,6,17,2,3,1,2,0,6,0,0,3,0,0
FS00946,51.67,6,V004-P012-C085-S000,14779,14790,29854,29876,12,684,13,50,humor_aside,dialogue_scene|turn|narration,3,22,1,1,2,0,2,8,2,1,1,4,0
FS00947,51.72,6,V004-P012-C085-S000,14791,14801,29878,29901,11,544,11,50,humor_aside,judgment|turn|narration,3,19,0,0,2,2,2,6,3,1,1,0,2
FS00948,51.77,6,V004-P012-C086-S000,14802,14813,29903,29925,12,674,21,30,dialogue_scene,explanation|closure|humor_aside,2,21,4,2,0,0,2,2,1,0,2,8,0
FS00949,51.83,6,V004-P012-C086-S000,14814,14829,29927,29957,16,735,20,31.5,humor_aside,dialogue_scene|closure|explanation,3,24,6,1,1,0,1,6,2,0,2,4,1
FS00950,51.88,6,V004-P012-C086-S000,14830,14845,29959,29989,16,741,19,34,humor_aside,turn|closure|inventory,5,20,1,0,4,1,2,6,1,0,3,0,2
FS00951,51.94,6,V004-P012-C086-S000,14846,14862,29991,30023,17,742,20,37.5,turn,humor_aside|closure|explanation,7,14,0,1,4,0,2,4,1,0,2,0,0
FS00952,51.99,6,V004-P012-C086-S000,14863,14878,30025,30055,16,716,18,36.0,humor_aside,explanation|judgment|closure,6,25,0,3,2,3,0,6,2,1,4,0,4
FS00953,52.05,6,V004-P012-C086-S000,14879,14891,30057,30081,13,696,15,38,turn,humor_aside|inventory|judgment,5,20,0,1,3,2,2,4,4,0,1,0,3
FS00954,52.1,6,V004-P012-C086-S000,14892,14900,30083,30099,9,732,12,62.5,inventory,character|turn|narration,4,25,9,0,2,0,1,0,4,3,0,1,5
FS00955,52.16,6,V004-P012-C086-S000,14901,14916,30101,30131,16,732,17,43,inventory,turn|narration|character,4,15,1,0,3,0,3,0,2,1,0,0,5
FS00956,52.21,6,V004-P012-C086-S000,14917,14933,30133,30165,17,755,18,42.0,dialogue_scene,turn|humor_aside|narration,4,23,3,1,3,1,3,4,1,0,0,6,1
FS00957,52.27,6,V004-P012-C086-S000,14934,14947,30167,30193,14,730,14,54.0,turn,judgment|closure|narration,6,8,2,0,3,1,1,0,0,0,1,0,0
FS00958,52.32,6,V004-P012-C086-S000,14948,14957,30195,30216,10,491,12,38.5,turn,judgment|closure|humor_aside,5,15,0,1,4,2,2,2,1,1,2,0,0
FS00959,52.38,6,V004-P012-C087-S000,14958,14971,30218,30244,14,721,19,38,explanation,turn|closure|dialogue_scene,7,21,2,5,3,1,0,0,3,1,4,2,0
FS00960,52.43,6,V004-P012-C087-S000,14972,14985,30246,30272,14,736,15,51,closure,judgment|turn|character,5,17,2,1,2,2,3,0,0,2,3,0,2
FS00961,52.48,6,V004-P012-C087-S000,14986,14997,30274,30296,12,741,14,48.0,turn,narration|dialogue_scene|humor_aside,7,16,1,0,4,1,2,2,3,0,1,2,0
FS00962,52.54,6,V004-P012-C087-S000,14998,15012,30298,30326,15,737,15,39,turn,character|closure|inventory,4,27,1,0,5,1,3,2,2,5,4,1,3
FS00963,52.59,6,V004-P012-C087-S000,15013,15025,30328,30352,13,749,14,50.0,turn,dialogue_scene|judgment|closure,11,14,1,0,8,1,1,0,0,0,1,2,0
FS00964,52.65,6,V004-P012-C087-S000,15026,15039,30354,30380,14,739,15,42,turn,inventory|judgment|narration,5,16,0,1,3,2,3,0,2,0,1,1,3
FS00965,52.7,6,V004-P012-C087-S000,15040,15060,30382,30422,21,754,26,27.0,dialogue_scene,turn|character|judgment,5,40,5,1,4,2,1,2,2,3,0,20,0
FS00966,52.76,6,V004-P012-C087-S000,15061,15076,30424,30454,16,743,15,45,turn,dialogue_scene|humor_aside|narration,5,22,2,0,5,1,3,4,1,0,1,4,1
FS00967,52.81,6,V004-P012-C087-S000,15077,15089,30456,30480,13,701,14,45.5,turn,narration|closure|judgment,7,14,0,0,3,1,3,1,2,1,2,1,0
FS00968,52.87,6,V004-P012-C087-S000,15090,15098,30482,30498,9,522,10,48.5,judgment,turn|explanation|narration,8,15,1,1,3,3,4,0,0,1,1,1,0
FS00969,52.92,6,V004-P012-C088-S000,15099,15113,30503,30531,15,688,18,36.0,dialogue_scene,humor_aside|closure|turn,4,21,1,1,2,1,1,4,1,2,3,4,1
FS00970,52.98,6,V004-P012-C088-S000,15114,15124,30533,30553,11,706,13,49,explanation,turn|closure|narration,6,7,0,2,2,0,2,0,0,0,1,0,0
FS00971,53.03,6,V004-P012-C088-S000,15125,15141,30555,30587,17,756,22,31.0,dialogue_scene,closure|explanation|turn,5,20,0,1,1,0,0,0,1,0,3,13,1
FS00972,53.09,6,V004-P012-C088-S000,15142,15154,30589,30613,13,706,16,39.0,judgment,humor_aside|character|turn,2,14,0,0,2,3,0,4,2,3,0,0,0
FS00973,53.14,6,V004-P012-C088-S000,15155,15165,30615,30635,11,660,13,55,turn,judgment|dialogue_scene|explanation,5,13,0,1,3,2,1,0,1,1,1,2,1
FS00974,53.19,6,V004-P012-C088-S000,15166,15176,30637,30657,11,694,15,43,humor_aside,turn|narration,3,10,0,0,2,0,2,4,2,0,0,0,0
FS00975,53.25,6,V004-P012-C088-S000,15177,15190,30659,30685,14,736,16,38.0,closure,dialogue_scene|judgment|humor_aside,5,17,0,1,1,2,3,2,1,0,4,3,0
FS00976,53.3,6,V004-P012-C088-S000,15191,15209,30687,30723,19,750,17,42,dialogue_scene,turn|character|explanation,7,16,1,1,3,0,0,0,1,2,1,6,1
FS00977,53.36,6,V004-P012-C088-S000,15210,15224,30725,30753,15,714,18,38.0,turn,narration|explanation|closure,4,14,1,1,4,0,4,0,2,0,1,0,1
FS00978,53.41,6,V004-P012-C088-S000,15225,15239,30755,30783,15,739,19,40,dialogue_scene,turn|judgment|closure,6,21,2,0,3,2,3,2,0,1,2,5,1
FS00979,53.47,6,V004-P012-C088-S000,15240,15255,30785,30815,16,723,18,36.5,judgment,closure|turn|narration,4,9,0,0,2,3,1,0,0,0,3,0,0
FS00980,53.52,6,V004-P012-C088-S000,15256,15273,30817,30851,18,754,19,38,judgment,turn|inventory|closure,4,13,0,0,3,4,1,0,1,0,1,0,3
FS00981,53.58,6,V004-P012-C088-S000,15274,15295,30853,30895,22,758,17,46,dialogue_scene,turn|humor_aside|explanation,5,31,2,2,4,0,4,4,1,2,0,11,1
FS00982,53.63,6,V004-P012-C088-S000,15296,15309,30897,30923,14,717,14,45.0,dialogue_scene,character|turn|closure,5,21,2,0,2,1,2,1,1,3,2,7,0
FS00983,53.69,6,V004-P012-C088-S000,15310,15323,30925,30951,14,682,18,28.5,dialogue_scene,narration|judgment|closure,3,10,1,0,0,1,3,0,1,0,1,2,1
FS00984,53.74,6,V004-P012-C088-S000,15324,15340,30953,30985,17,744,20,35.0,character,dialogue_scene|explanation|narration,3,20,5,1,1,1,2,0,2,4,1,2,1
FS00985,53.8,6,V004-P012-C088-S000,15341,15352,30987,31009,12,572,12,34.5,dialogue_scene,turn|closure|explanation,5,30,1,2,4,2,1,3,0,2,4,11,0
FS00986,53.85,6,V004-P012-C089-S000,15353,15371,31014,31050,19,726,18,43.0,humor_aside,turn|dialogue_scene|judgment,6,32,8,0,5,2,2,8,1,1,1,4,0
FS00987,53.9,6,V004-P012-C089-S000,15372,15388,31052,31084,17,708,19,35,closure,judgment|dialogue_scene|humor_aside,6,18,4,0,1,2,2,2,0,0,3,2,2
FS00988,53.96,6,V004-P012-C089-S000,15389,15403,31086,31114,15,736,18,39.5,turn,explanation|closure|dialogue_scene,9,26,3,2,4,2,2,2,3,1,3,3,1
FS00989,54.01,6,V004-P012-C089-S000,15404,15417,31116,31142,14,687,15,40,turn,narration|dialogue_scene|humor_aside,3,17,2,0,4,1,1,2,4,1,0,2,0
FS00990,54.07,6,V004-P012-C089-S000,15418,15441,31144,31190,24,757,23,26,dialogue_scene,turn|explanation|narration,6,28,0,2,3,0,4,2,1,2,2,12,0
FS00991,54.12,6,V004-P012-C089-S000,15442,15458,31192,31224,17,751,18,35.5,explanation,turn|closure|humor_aside,3,14,1,3,2,0,2,2,2,0,2,0,0
FS00992,54.18,6,V004-P012-C089-S000,15459,15474,31226,31256,16,740,20,24.5,dialogue_scene,turn|narration|explanation,3,29,10,1,4,0,1,0,4,1,0,8,0
FS00993,54.23,6,V004-P012-C089-S000,15475,15493,31258,31294,19,722,15,45,dialogue_scene,humor_aside|turn|explanation,5,25,1,2,4,0,1,6,4,0,1,6,0
FS00994,54.29,6,V004-P012-C089-S000,15494,15506,31296,31320,13,700,13,57,humor_aside,turn|character|closure,3,20,2,1,3,1,1,5,0,3,2,1,1
FS00995,54.34,6,V004-P012-C089-S000,15507,15526,31322,31360,20,751,20,36.0,dialogue_scene,turn|character|humor_aside,5,24,5,1,3,1,2,2,2,2,0,5,1
FS00996,54.4,6,V004-P012-C089-S000,15527,15536,31362,31383,10,468,11,36,character,humor_aside|inventory|judgment,1,15,3,0,1,1,2,2,1,3,0,0,2
FS00997,54.45,6,V004-P012-C090-S000,15537,15553,31385,31417,17,682,16,41.0,character,turn|dialogue_scene|humor_aside,3,26,2,0,4,0,0,3,2,7,1,5,2
FS00998,54.51,6,V004-P012-C090-S000,15554,15567,31419,31445,14,689,17,42,humor_aside,character|explanation|dialogue_scene,1,20,3,1,0,0,0,12,1,2,0,1,0
FS00999,54.56,6,V004-P012-C090-S000,15568,15582,31447,31475,15,736,19,37,closure,turn|inventory|narration,5,10,0,0,2,0,1,0,1,0,5,0,1
FS01000,54.61,6,V004-P012-C090-S000,15583,15599,31477,31509,17,734,17,44,turn,closure|dialogue_scene|inventory,7,19,0,0,6,0,3,0,0,1,3,3,3
FS01001,54.67,6,V004-P012-C090-S000,15600,15614,31511,31539,15,739,15,47,dialogue_scene,turn|humor_aside|explanation,3,35,14,1,2,1,0,2,2,0,1,11,1
FS01002,54.72,6,V004-P012-C090-S000,15615,15626,31541,31563,12,732,14,52.5,turn,narration|character|humor_aside,6,31,12,0,5,1,1,2,6,2,0,0,2
FS01003,54.78,6,V004-P012-C090-S000,15627,15646,31565,31603,20,755,18,41.5,turn,dialogue_scene|humor_aside|character,6,27,0,0,6,2,4,4,2,3,2,4,0
FS01004,54.83,6,V004-P012-C090-S000,15647,15669,31605,31649,23,754,21,24,humor_aside,character|judgment|dialogue_scene,4,29,1,1,1,3,2,10,0,6,1,4,0
FS01005,54.89,6,V004-P012-C090-S000,15670,15682,31651,31675,13,726,18,38.0,humor_aside,turn|judgment|narration,5,20,5,0,3,2,2,6,1,0,1,0,0
FS01006,54.94,6,V004-P012-C090-S000,15683,15695,31677,31701,13,740,16,41.0,turn,dialogue_scene|character|humor_aside,3,21,4,0,3,1,2,2,1,2,1,4,1
FS01007,55.0,6,V004-P012-C090-S000,15696,15708,31703,31727,13,706,10,60.5,humor_aside,character|dialogue_scene|explanation,3,29,11,1,1,1,1,6,1,3,1,2,1
FS01008,55.05,6,V004-P012-C090-S000,15709,15717,31729,31748,9,483,9,48,turn,humor_aside|character|closure,5,10,0,0,4,0,1,2,1,1,1,0,0
FS01009,55.11,6,V004-P012-C091-S000,15718,15733,31750,31780,16,758,16,46.5,dialogue_scene,turn|closure|explanation,7,16,0,1,4,0,2,0,0,1,2,6,0
FS01010,55.16,6,V004-P012-C091-S000,15734,15749,31782,31812,16,750,14,53.0,turn,judgment|closure|dialogue_scene,10,24,1,0,9,3,2,0,2,1,3,2,1
FS01011,55.22,6,V004-P012-C091-S000,15750,15764,31814,31842,15,680,18,41.0,turn,dialogue_scene|judgment|narration,2,19,2,0,3,2,1,2,4,1,0,3,1
FS01012,55.27,6,V004-P012-C091-S000,15765,15778,31844,31870,14,702,16,39.0,narration,judgment|turn|closure,4,13,5,0,1,1,2,0,2,0,1,1,0
FS01013,55.32,6,V004-P012-C091-S000,15779,15792,31872,31898,14,729,15,51,dialogue_scene,inventory|judgment|turn,8,22,2,0,2,2,0,0,4,1,2,6,3
FS01014,55.38,6,V004-P012-C091-S000,15793,15804,31900,31922,12,730,14,41.5,turn,character|dialogue_scene|inventory,3,14,1,0,2,0,2,0,2,2,1,2,2
FS01015,55.43,6,V004-P012-C091-S000,15805,15820,31924,31954,16,757,18,39.0,dialogue_scene,inventory|narration|closure,5,19,0,0,1,0,4,2,2,0,2,5,3
FS01016,55.49,6,V004-P012-C091-S000,15821,15832,31956,31978,12,737,15,50,explanation,character|closure|dialogue_scene,4,20,7,5,0,1,1,0,0,2,2,2,0
FS01017,55.54,6,V004-P012-C091-S000,15833,15847,31980,32008,15,689,16,42.5,dialogue_scene,closure|turn|inventory,3,14,2,0,1,0,0,0,2,0,2,6,1
FS01018,55.6,6,V004-P012-C091-S000,15848,15863,32010,32040,16,729,16,44.0,dialogue_scene,turn|explanation|judgment,9,22,5,2,3,2,2,0,1,1,1,5,0
FS01019,55.65,6,V004-P012-C091-S000,15864,15874,32042,32062,11,742,14,42.5,turn,dialogue_scene|closure|explanation,9,22,4,2,3,1,2,0,2,0,3,4,1
FS01020,55.71,6,V004-P012-C091-S000,15875,15890,32064,32094,16,737,17,41,dialogue_scene,judgment|turn|character,4,14,3,0,2,2,1,0,0,1,1,3,1
FS01021,55.76,6,V004-P012-C091-S000,15891,15904,32096,32122,14,702,16,40.5,turn,closure|humor_aside|inventory,8,15,1,1,3,0,1,2,0,1,4,0,2
FS01022,55.82,6,V004-P012-C091-S000,15905,15918,32124,32150,14,685,14,49.0,turn,character|humor_aside|narration,9,27,5,0,6,0,5,4,0,4,2,0,1
FS01023,55.87,6,V004-P012-C091-S000,15919,15931,32152,32176,13,674,17,28,inventory,character|dialogue_scene|explanation,5,16,0,1,1,1,1,2,0,2,1,2,5
FS01024,55.93,6,V004-P012-C091-S000,15932,15938,32178,32193,7,493,8,59.5,dialogue_scene,humor_aside|closure|turn,4,18,1,0,2,0,2,4,1,0,3,4,1
FS01025,55.98,6,V004-P012-C092-S000,15939,15955,32195,32227,17,718,16,42.5,turn,dialogue_scene|character|humor_aside,6,21,1,1,4,0,1,2,3,3,0,4,2
FS01026,56.03,6,V004-P012-C092-S000,15956,15967,32229,32251,12,718,17,42,turn,inventory|narration|character,7,20,0,0,4,0,4,0,3,3,2,0,4
FS01027,56.09,6,V004-P012-C092-S000,15968,15977,32253,32271,10,713,10,70.5,character,judgment|closure|humor_aside,7,18,1,1,1,2,2,2,1,4,2,0,2
FS01028,56.14,6,V004-P012-C092-S000,15978,15991,32273,32299,14,704,13,49,dialogue_scene,character|closure|judgment,6,29,3,0,2,2,3,2,1,4,3,9,0
FS01029,56.2,6,V004-P012-C092-S000,15992,16006,32301,32329,15,704,16,42.0,dialogue_scene,character|turn|closure,5,24,0,1,2,1,1,2,2,4,2,8,1
FS01030,56.25,6,V004-P012-C092-S000,16007,16015,32331,32347,9,719,12,58.0,judgment,closure|turn|explanation,8,26,9,1,2,5,3,0,1,1,3,1,0
FS01031,56.31,6,V004-P012-C092-S000,16016,16033,32349,32383,18,760,20,37.0,dialogue_scene,humor_aside|explanation|judgment,5,24,3,2,1,2,2,4,1,1,2,5,1
FS01032,56.36,6,V004-P012-C092-S000,16034,16056,32385,32429,23,760,23,30,turn,closure|dialogue_scene|judgment,5,12,0,0,3,1,1,0,2,1,2,2,0
FS01033,56.42,6,V004-P012-C092-S000,16057,16065,32431,32450,9,532,12,41.0,closure,humor_aside|explanation|judgment,3,12,0,1,1,1,1,2,2,0,3,0,1
FS01034,56.47,6,V004-P012-C093-S000,16066,16078,32452,32476,13,730,15,45,turn,narration|character|closure,5,15,0,0,3,0,3,2,3,2,2,0,0
FS01035,56.53,6,V004-P012-C093-S000,16079,16091,32478,32502,13,715,16,45.5,humor_aside,turn|narration|judgment,2,15,2,0,2,1,4,6,0,0,0,0,0
FS01036,56.58,6,V004-P012-C093-S000,16092,16107,32504,32534,16,697,17,41,turn,character|closure|humor_aside,9,14,0,0,4,0,3,2,0,2,2,0,1
FS01037,56.64,6,V004-P012-C093-S000,16108,16126,32536,32572,19,738,18,37.5,dialogue_scene,humor_aside|turn|character,6,24,2,0,2,1,2,4,0,2,0,9,2
FS01038,56.69,6,V004-P012-C093-S000,16127,16144,32574,32608,18,714,16,44.0,dialogue_scene,turn|narration,6,15,1,0,2,0,5,0,0,0,0,7,0
FS01039,56.74,6,V004-P012-C093-S000,16145,16154,32610,32631,10,479,11,34,dialogue_scene,humor_aside|turn|character,2,9,1,0,1,0,1,2,0,1,0,3,0
FS01040,56.8,6,V004-P012-C094-S000,16155,16171,32633,32665,17,727,17,42,turn,character|explanation|inventory,7,17,1,1,6,0,2,0,0,6,0,0,1
FS01041,56.85,6,V004-P012-C094-S000,16172,16182,32667,32687,11,718,14,56.0,turn,narration|judgment|explanation,8,19,1,1,4,2,3,0,5,1,1,0,1
FS01042,56.91,6,V004-P012-C094-S000,16183,16196,32689,32715,14,675,13,52,turn,narration|dialogue_scene|closure,6,32,2,0,6,2,2,2,9,1,3,5,0
FS01043,56.96,6,V004-P012-C094-S000,16197,16212,32717,32747,16,757,18,40.5,dialogue_scene,closure|turn|narration,9,20,0,0,2,1,2,2,3,2,3,4,1
FS01044,57.02,6,V004-P012-C094-S000,16213,16229,32749,32781,17,750,18,42.0,dialogue_scene,closure|judgment|turn,2,21,2,0,2,2,2,2,2,0,3,6,0
FS01045,57.07,6,V004-P012-C094-S000,16230,16241,32783,32805,12,730,15,50,dialogue_scene,humor_aside|explanation|turn,2,21,1,2,2,0,0,4,3,0,2,7,0
FS01046,57.13,6,V004-P012-C094-S000,16242,16252,32807,32827,11,759,13,59,humor_aside,turn|closure|narration,10,33,2,0,4,2,3,10,4,1,4,3,0
FS01047,57.18,6,V004-P012-C094-S000,16253,16264,32829,32851,12,730,15,44,dialogue_scene,humor_aside|narration|closure,3,18,2,0,0,0,2,4,4,0,1,5,0
FS01048,57.24,6,V004-P012-C094-S000,16265,16279,32853,32881,15,739,15,48,turn,dialogue_scene|narration|closure,8,19,1,1,3,1,2,0,4,1,2,4,0
FS01049,57.29,6,V004-P012-C094-S000,16280,16294,32883,32911,15,734,16,44.5,dialogue_scene,judgment|turn|explanation,9,35,8,3,4,4,1,2,2,1,3,6,1
FS01050,57.35,6,V004-P012-C094-S000,16295,16310,32913,32943,16,738,19,40,explanation,judgment|closure|turn,10,29,4,5,2,5,0,2,3,0,6,0,2
FS01051,57.4,6,V004-P012-C094-S000,16311,16323,32945,32969,13,668,13,45,turn,dialogue_scene|narration|explanation,5,24,5,2,3,0,5,0,2,0,2,4,1
FS01052,57.45,6,V004-P012-C094-S000,16324,16339,32971,33001,16,723,17,42,turn,dialogue_scene|character|narration,7,30,9,0,6,0,5,0,1,3,0,5,1
FS01053,57.51,6,V004-P012-C094-S000,16340,16349,33003,33024,10,523,12,43.5,turn,explanation|narration|closure,6,24,8,2,4,1,2,0,3,0,2,1,1
FS01054,57.56,6,V004-P012-C095-S000,16350,16361,33026,33048,12,718,16,38.0,turn,humor_aside|judgment|closure,3,12,3,0,2,1,1,2,1,0,1,0,1
FS01055,57.62,6,V004-P012-C095-S000,16362,16371,33050,33068,10,681,10,75.0,narration,closure|dialogue_scene|humor_aside,5,19,2,1,1,0,4,2,3,0,2,2,2
FS01056,57.67,6,V004-P012-C095-S000,16372,16388,33070,33102,17,703,16,40.0,dialogue_scene,judgment|explanation|narration,4,23,6,2,1,3,0,0,5,0,0,5,1
FS01057,57.73,6,V004-P012-C095-S000,16389,16400,33104,33126,12,753,13,64,explanation,turn|narration|dialogue_scene,10,34,11,5,3,1,1,0,7,1,2,3,0
FS01058,57.78,6,V004-P012-C095-S000,16401,16422,33128,33170,22,716,20,29.0,dialogue_scene,narration|turn|character,8,37,1,0,3,1,4,2,6,4,2,12,2
FS01059,57.84,6,V004-P012-C095-S000,16423,16445,33172,33216,23,681,20,35.5,dialogue_scene,turn|judgment|narration,6,27,0,0,4,3,4,0,2,0,2,12,0
FS01060,57.89,6,V004-P012-C095-S000,16446,16461,33218,33248,16,731,18,34.0,narration,humor_aside|turn|closure,6,31,9,0,2,1,6,4,6,0,2,1,0
FS01061,57.95,6,V005-P013-C096-S000,16462,16474,33257,33281,13,719,16,40.5,closure,judgment|narration|character,5,26,8,0,0,3,1,0,4,2,6,1,1
FS01062,58.0,6,V005-P013-C096-S000,16475,16488,33283,33309,14,730,15,48,closure,dialogue_scene|explanation|narration,4,19,2,2,1,1,0,0,4,1,5,3,0
FS01063,58.06,6,V005-P013-C096-S000,16489,16502,33311,33337,14,730,20,39.0,judgment,closure|humor_aside|turn,4,13,0,0,1,3,0,2,1,1,4,1,0
FS01064,58.11,6,V005-P013-C096-S000,16503,16515,33339,33363,13,709,16,41.5,judgment,closure|dialogue_scene|narration,7,27,2,0,2,4,4,0,4,2,4,4,1
FS01065,58.16,6,V005-P013-C096-S000,16516,16527,33365,33387,12,707,15,47,turn,explanation|narration|closure,6,20,0,3,4,0,4,0,4,2,3,0,0
FS01066,58.22,6,V005-P013-C096-S000,16528,16540,33389,33413,13,746,15,51,closure,dialogue_scene|narration|turn,3,10,0,0,1,0,1,0,3,1,2,2,0
FS01067,58.27,6,V005-P013-C096-S000,16541,16555,33415,33443,15,753,15,55,turn,character|humor_aside|explanation,2,11,1,1,2,0,0,2,3,2,0,0,0
FS01068,58.33,6,V005-P013-C096-S000,16556,16570,33445,33473,15,738,18,35.5,turn,closure|humor_aside|judgment,8,12,0,0,4,1,1,2,0,0,3,0,1
FS01069,58.38,6,V005-P013-C096-S000,16571,16585,33475,33503,15,688,17,41,turn,dialogue_scene|judgment|narration,3,17,0,0,3,2,1,0,4,1,0,4,2
FS01070,58.44,6,V005-P013-C096-S000,16586,16606,33505,33545,21,756,22,26.5,dialogue_scene,character|narration|explanation,4,29,3,1,1,1,1,0,3,2,1,16,0
FS01071,58.49,6,V005-P013-C096-S000,16607,16623,33547,33579,17,737,16,41.5,dialogue_scene,narration|character|inventory,4,44,14,1,1,0,3,0,4,2,1,16,2
FS01072,58.55,6,V005-P013-C096-S000,16624,16639,33581,33611,16,740,18,40.5,judgment,dialogue_scene|turn|narration,2,24,3,1,2,5,1,2,4,0,0,6,0
FS01073,58.6,6,V005-P013-C096-S000,16640,16652,33613,33637,13,681,14,43.5,closure,judgment|narration|inventory,7,24,3,0,2,3,1,0,6,0,6,0,3
FS01074,58.66,6,V005-P013-C096-S000,16653,16669,33639,33671,17,697,17,40,dialogue_scene,humor_aside|closure|turn,2,22,4,1,2,0,2,4,1,1,3,4,0
FS01075,58.71,6,V005-P013-C096-S000,16670,16687,33673,33707,18,724,20,31.5,turn,dialogue_scene|narration|closure,4,20,2,1,4,0,5,2,0,0,2,4,0
FS01076,58.77,6,V005-P013-C096-S000,16688,16702,33709,33737,15,757,18,33.0,turn,narration|dialogue_scene|closure,5,20,1,1,3,1,6,0,1,1,2,3,1
FS01077,58.82,6,V005-P013-C096-S000,16703,16713,33739,33762,11,503,12,36.5,narration,humor_aside|explanation|turn,4,19,8,1,1,0,3,2,3,1,0,0,0
FS01078,58.87,6,V005-P013-C097-S000,16714,16724,33764,33784,11,696,14,56.0,humor_aside,dialogue_scene|judgment|turn,4,21,4,0,2,2,2,4,1,0,1,3,2
FS01079,58.93,6,V005-P013-C097-S000,16725,16735,33786,33806,11,690,14,45.0,narration,character|humor_aside|closure,4,24,0,0,1,2,1,4,8,4,3,0,1
FS01080,58.98,6,V005-P013-C097-S000,16736,16747,33808,33830,12,733,17,44,dialogue_scene,character|judgment|closure,1,22,0,1,1,2,1,1,3,4,2,6,1
FS01081,59.04,6,V005-P013-C097-S000,16748,16761,33832,33858,14,747,22,26.5,explanation,narration|dialogue_scene|humor_aside,2,20,7,2,1,0,1,2,4,0,1,2,0
FS01082,59.09,6,V005-P013-C097-S000,16762,16781,33860,33898,20,760,20,37.0,dialogue_scene,humor_aside|judgment|inventory,5,32,10,0,1,2,0,6,2,0,1,8,2
FS01083,59.15,6,V005-P013-C097-S000,16782,16796,33900,33928,15,725,14,51.0,humor_aside,character|inventory|narration,2,26,1,0,0,1,0,6,6,5,2,2,3
FS01084,59.2,6,V005-P013-C097-S000,16797,16809,33930,33954,13,669,18,32.5,character,turn|narration|closure,8,20,1,0,4,1,4,0,1,6,2,0,1
FS01085,59.26,6,V005-P013-C097-S000,16810,16820,33956,33976,11,755,16,41.0,turn,character|humor_aside|explanation,1,22,12,1,2,0,0,2,2,2,0,0,1
FS01086,59.31,6,V005-P013-C097-S000,16821,16835,33978,34006,15,736,17,46,explanation,inventory|narration|closure,8,26,7,6,0,0,3,0,2,0,2,2,4
FS01087,59.37,6,V005-P013-C097-S000,16836,16852,34008,34040,17,736,18,44.5,humor_aside,turn|closure|inventory,4,23,6,1,2,1,0,4,4,0,2,1,2
FS01088,59.42,6,V005-P013-C097-S000,16853,16865,34042,34066,13,725,13,59,narration,explanation|turn,3,13,3,1,1,0,1,0,7,0,0,0,0
FS01089,59.48,6,V005-P013-C097-S000,16866,16878,34068,34092,13,726,18,32.5,dialogue_scene,explanation|turn|closure,2,18,10,1,1,0,1,0,0,0,1,4,0
FS01090,59.53,6,V005-P013-C097-S000,16879,16889,34094,34114,11,716,17,43,narration,humor_aside|closure|inventory,4,24,3,1,1,0,3,4,7,0,2,1,2
FS01091,59.58,6,V005-P013-C097-S000,16890,16906,34116,34148,17,759,20,31.5,dialogue_scene,turn|inventory|closure,7,21,6,0,4,0,1,0,0,0,1,7,2
FS01092,59.64,6,V005-P013-C097-S000,16907,16917,34150,34170,11,746,11,56,humor_aside,closure|dialogue_scene|narration,6,25,5,1,1,1,2,4,4,1,3,3,0
FS01093,59.69,6,V005-P013-C097-S000,16918,16931,34172,34198,14,758,13,53,turn,humor_aside|narration|character,6,16,6,0,3,0,0,3,3,1,0,0,0
FS01094,59.75,6,V005-P013-C097-S000,16932,16946,34200,34228,15,689,17,40,judgment,narration|dialogue_scene|inventory,1,15,3,0,0,2,0,1,5,0,0,2,2
FS01095,59.8,6,V005-P013-C097-S000,16947,16957,34230,34250,11,669,14,44.0,turn,narration|closure|inventory,6,31,2,0,5,1,4,2,5,2,4,2,4
FS01096,59.86,6,V005-P013-C097-S000,16958,16969,34252,34274,12,729,14,47.0,narration,turn|closure|humor_aside,3,23,3,0,3,1,2,2,9,0,2,0,1
FS01097,59.91,6,V005-P013-C097-S000,16970,16983,34276,34305,14,464,13,35,dialogue_scene,turn|inventory|narration,1,10,1,0,1,0,0,0,2,0,0,5,1
FS01098,59.97,6,V005-P013-C098-S000,16984,17000,34307,34339,17,748,17,42,turn,dialogue_scene|narration|humor_aside,7,25,4,0,5,1,4,2,1,0,1,6,1
FS01099,60.02,6,V005-P013-C098-S000,17001,17017,34341,34373,17,759,20,42.0,humor_aside,turn|narration|closure,2,19,1,0,2,0,2,10,2,0,1,0,1
FS01100,60.08,7,V005-P013-C098-S000,17018,17030,34375,34399,13,750,15,52,humor_aside,closure|turn|narration,6,19,2,0,2,1,1,4,4,0,3,2,0
FS01101,60.13,7,V005-P013-C098-S000,17031,17046,34401,34431,16,716,17,43,turn,judgment|narration|closure,10,30,3,0,5,3,7,0,2,0,4,4,2
FS01102,60.19,7,V005-P013-C098-S000,17047,17063,34433,34465,17,737,16,44.5,dialogue_scene,turn|narration|judgment,6,45,2,2,5,3,5,4,5,3,0,14,2
FS01103,60.24,7,V005-P013-C098-S000,17064,17076,34467,34491,13,730,12,64.5,judgment,dialogue_scene|humor_aside|narration,7,23,0,0,2,3,4,4,2,2,2,4,0
FS01104,60.29,7,V005-P013-C098-S000,17077,17092,34493,34523,16,731,15,46,dialogue_scene,explanation|inventory|closure,6,22,2,3,0,0,2,0,1,1,2,8,3
FS01105,60.35,7,V005-P013-C098-S000,17093,17108,34525,34555,16,727,16,45.0,dialogue_scene,closure|humor_aside|narration,6,19,4,0,1,1,1,2,3,0,3,4,0
FS01106,60.4,7,V005-P013-C098-S000,17109,17118,34557,34575,10,714,11,60,dialogue_scene,inventory|turn|explanation,5,25,1,2,3,2,0,1,1,2,0,8,5
FS01107,60.46,7,V005-P013-C098-S000,17119,17134,34577,34607,16,759,16,48.5,closure,explanation|humor_aside|narration,2,26,9,2,0,0,2,3,3,0,3,2,2
FS01108,60.51,7,V005-P013-C098-S000,17135,17146,34609,34631,12,706,15,52,turn,humor_aside|explanation|narration,5,25,7,2,3,0,6,4,0,1,1,1,0
FS01109,60.57,7,V005-P013-C098-S000,17147,17161,34633,34661,15,708,17,38,narration,turn|dialogue_scene|humor_aside,4,23,3,1,2,0,8,2,2,0,1,2,2
FS01110,60.62,7,V005-P013-C099-S000,17162,17172,34666,34686,11,725,11,58,turn,narration|character|humor_aside,5,14,1,0,3,0,3,2,2,2,1,0,0
FS01111,60.68,7,V005-P013-C099-S000,17173,17185,34688,34712,13,682,16,48.5,closure,explanation|narration,1,12,4,1,0,0,0,0,2,0,5,0,0
FS01112,60.73,7,V005-P013-C099-S000,17186,17199,34714,34740,14,720,15,47,judgment,dialogue_scene|character|closure,6,31,1,1,1,6,2,2,1,4,4,8,1
FS01113,60.79,7,V005-P013-C099-S000,17200,17213,34742,34768,14,707,18,40.5,turn,narration|inventory|humor_aside,5,21,3,0,3,1,3,2,4,1,1,0,3
FS01114,60.84,7,V005-P013-C099-S000,17214,17227,34770,34796,14,752,16,45.0,humor_aside,turn|narration|explanation,4,18,2,1,3,1,3,6,1,0,0,0,1
FS01115,60.9,7,V005-P013-C099-S000,17228,17244,34798,34830,17,720,19,32,humor_aside,character|dialogue_scene|inventory,4,28,5,0,1,0,1,7,1,5,2,3,3
FS01116,60.95,7,V005-P013-C099-S000,17245,17260,34832,34862,16,757,18,44.0,turn,narration|dialogue_scene|humor_aside,2,14,0,1,2,0,3,2,2,0,0,2,2
FS01117,61.0,7,V005-P013-C099-S000,17261,17273,34864,34888,13,754,14,61.0,humor_aside,turn|narration|character,4,14,0,0,3,0,3,6,1,1,0,0,0
FS01118,61.06,7,V005-P013-C099-S000,17274,17298,34890,34938,25,738,25,16,dialogue_scene,judgment|closure|narration,6,27,2,0,1,4,2,0,6,1,4,6,1
FS01119,61.11,7,V005-P013-C099-S000,17299,17313,34940,34968,15,715,21,30,narration,judgment|character|closure,4,29,3,0,0,3,5,3,8,3,3,0,1
FS01120,61.17,7,V005-P013-C099-S000,17314,17331,34970,35004,18,745,18,42.5,dialogue_scene,explanation|turn|judgment,3,18,5,2,2,1,1,0,2,1,1,3,0
FS01121,61.22,7,V005-P013-C099-S000,17332,17348,35006,35038,17,747,18,40.5,character,dialogue_scene|judgment|turn,6,20,2,0,2,2,1,2,2,4,1,4,0
FS01122,61.28,7,V005-P013-C099-S000,17349,17363,35040,35068,15,758,16,51.0,judgment,humor_aside|explanation|turn,8,18,3,2,2,3,1,4,0,0,2,1,0
FS01123,61.33,7,V005-P013-C099-S000,17364,17376,35070,35094,13,760,15,51,humor_aside,narration|closure|turn,3,19,1,0,1,0,2,8,5,0,2,0,0
FS01124,61.39,7,V005-P013-C099-S000,17377,17396,35096,35134,20,716,22,32.0,dialogue_scene,explanation|closure|inventory,6,29,5,2,2,0,3,2,2,0,3,7,3
FS01125,61.44,7,V005-P013-C099-S000,17397,17413,35136,35168,17,732,15,51,closure,humor_aside|judgment|turn,4,14,4,0,1,1,0,2,2,0,3,1,0
FS01126,61.5,7,V005-P013-C099-S000,17414,17423,35170,35188,10,749,11,74,humor_aside,explanation|closure|dialogue_scene,6,22,2,3,0,1,1,6,3,0,2,2,2
FS01127,61.55,7,V005-P013-C099-S000,17424,17434,35190,35215,11,471,12,32.5,turn,judgment|narration|dialogue_scene,3,22,4,0,4,3,4,0,3,0,0,3,1
FS01128,61.61,7,V005-P014-C100-S000,17435,17448,35217,35243,14,634,14,47.0,turn,narration|closure|explanation,11,24,5,1,6,0,4,0,5,0,2,0,1
FS01129,61.66,7,V005-P014-C100-S000,17449,17463,35245,35273,15,757,14,42.5,humor_aside,narration|turn|dialogue_scene,5,35,7,1,3,1,3,8,8,0,1,2,1
FS01130,61.71,7,V005-P014-C100-S000,17464,17477,35275,35301,14,731,12,63.0,dialogue_scene,humor_aside|narration|closure,6,35,3,1,2,1,5,6,5,0,4,6,2
FS01131,61.77,7,V005-P014-C100-S000,17478,17492,35303,35331,15,750,18,37.5,humor_aside,explanation|narration|closure,6,30,9,2,1,1,3,7,3,0,2,0,2
FS01132,61.82,7,V005-P014-C100-S000,17493,17506,35333,35359,14,751,17,43,closure,narration|dialogue_scene|explanation,2,18,4,1,0,1,3,0,3,0,4,2,0
FS01133,61.88,7,V005-P014-C100-S000,17507,17526,35361,35399,20,750,21,31,humor_aside,turn|narration|closure,3,23,7,1,2,0,0,4,5,0,2,2,0
FS01134,61.93,7,V005-P014-C100-S000,17527,17547,35401,35441,21,745,23,25,dialogue_scene,narration|turn|humor_aside,3,35,10,1,3,0,2,4,9,0,0,6,0
FS01135,61.99,7,V005-P014-C100-S000,17548,17565,35443,35477,18,747,16,39.5,dialogue_scene,inventory|narration|humor_aside,0,23,4,0,0,0,3,2,3,1,0,7,3
FS01136,62.04,7,V005-P014-C100-S000,17566,17583,35479,35513,18,722,19,36,turn,humor_aside|narration|dialogue_scene,8,32,3,2,5,1,5,6,3,1,1,3,2
FS01137,62.1,7,V005-P014-C100-S000,17584,17597,35515,35541,14,706,17,47,narration,humor_aside|turn|closure,4,13,1,0,1,0,2,2,5,0,1,0,1
FS01138,62.15,7,V005-P014-C100-S000,17598,17611,35543,35569,14,746,17,44,closure,narration|character|explanation,6,22,2,1,0,1,4,2,4,2,4,0,2
FS01139,62.21,7,V005-P014-C100-S000,17612,17626,35571,35599,15,737,17,46,character,judgment|turn|narration,4,22,3,0,3,3,5,0,1,6,0,0,1
FS01140,62.26,7,V005-P014-C100-S000,17627,17642,35601,35631,16,714,15,47,turn,dialogue_scene|narration|judgment,6,22,5,0,3,1,6,0,1,0,1,4,1
FS01141,62.32,7,V005-P014-C100-S000,17643,17652,35633,35654,10,465,10,46.5,turn,narration|judgment|character,5,22,3,0,4,2,5,2,3,2,1,0,0
FS01142,62.37,7,V005-P014-C101-S000,17653,17664,35656,35678,12,728,17,38,closure,narration|dialogue_scene|humor_aside,5,18,1,1,1,0,3,2,2,0,4,2,2
FS01143,62.42,7,V005-P014-C101-S000,17665,17677,35680,35704,13,724,15,48,turn,explanation|judgment|closure,12,28,7,3,6,3,5,0,0,0,3,1,0
FS01144,62.48,7,V005-P014-C101-S000,17678,17697,35706,35744,20,751,22,34.0,turn,narration|humor_aside|closure,9,21,3,0,6,0,5,2,3,0,1,0,1
FS01145,62.53,7,V005-P014-C101-S000,17698,17717,35746,35784,20,748,19,33,turn,dialogue_scene|humor_aside|explanation,12,33,2,2,6,2,3,6,2,0,1,8,1
FS01146,62.59,7,V005-P014-C101-S000,17718,17733,35786,35816,16,747,16,45.5,dialogue_scene,humor_aside|explanation|narration,0,19,8,1,0,0,1,2,2,0,0,4,1
FS01147,62.64,7,V005-P014-C101-S000,17734,17747,35818,35844,14,725,15,40,judgment,turn|dialogue_scene|humor_aside,7,24,3,1,3,3,1,4,0,2,2,4,1
FS01148,62.7,7,V005-P014-C101-S000,17748,17768,35846,35886,21,740,21,32,dialogue_scene,turn|narration|inventory,5,36,2,1,3,1,2,0,6,2,1,15,3
FS01149,62.75,7,V005-P014-C101-S000,17769,17784,35888,35918,16,738,14,45.0,character,humor_aside|closure|narration,6,27,3,1,1,1,3,5,2,5,3,2,1
FS01150,62.81,7,V005-P014-C101-S000,17785,17799,35920,35948,15,732,18,30.5,turn,narration|character|dialogue_scene,2,19,3,0,3,1,3,2,3,2,0,2,0
FS01151,62.86,7,V005-P014-C101-S000,17800,17820,35950,35990,21,733,21,32,dialogue_scene,narration|turn|closure,3,18,1,0,1,0,2,0,5,0,1,7,1
FS01152,62.92,7,V005-P014-C101-S000,17821,17846,35992,36042,26,739,26,21.5,dialogue_scene,turn|explanation|closure,6,42,12,1,3,0,2,0,0,0,1,23,0
FS01153,62.97,7,V005-P014-C101-S000,17847,17860,36044,36070,14,759,18,44.5,humor_aside,explanation|turn|closure,7,22,4,3,3,1,2,6,1,0,2,0,0
FS01154,63.03,7,V005-P014-C101-S000,17861,17877,36072,36104,17,746,18,38.0,dialogue_scene,narration|judgment|closure,4,37,5,0,0,2,1,0,14,0,2,11,2
FS01155,63.08,7,V005-P014-C101-S000,17878,17887,36106,36127,10,511,8,61.5,turn,narration|closure|humor_aside,6,17,0,0,4,0,2,2,5,0,3,0,1
FS01156,63.13,7,V005-P014-C102-S000,17888,17904,36129,36161,17,746,16,49.0,humor_aside,closure|narration|explanation,3,17,4,0,0,0,2,9,0,0,2,0,0
FS01157,63.19,7,V005-P014-C102-S000,17905,17924,36163,36201,20,745,22,35.0,humor_aside,dialogue_scene|turn|explanation,7,39,8,2,4,1,4,10,2,0,2,6,0
FS01158,63.24,7,V005-P014-C102-S000,17925,17947,36203,36247,23,753,21,40,dialogue_scene,turn|judgment|narration,6,28,7,1,3,2,4,2,1,2,1,5,0
FS01159,63.3,7,V005-P014-C102-S000,17948,17968,36249,36289,21,719,22,26.0,dialogue_scene,humor_aside|narration|judgment,1,30,3,0,0,1,3,2,1,1,0,18,1
FS01160,63.35,7,V005-P014-C102-S000,17969,17985,36291,36323,17,760,21,34,turn,judgment|narration|humor_aside,5,25,6,0,4,3,3,2,3,1,1,1,1
FS01161,63.41,7,V005-P014-C102-S000,17986,18002,36325,36357,17,754,20,34.5,turn,explanation|narration|dialogue_scene,7,19,5,2,3,1,3,0,2,0,0,2,1
FS01162,63.46,7,V005-P014-C102-S000,18003,18020,36359,36393,18,742,16,50.5,turn,narration|dialogue_scene|closure,7,37,2,1,7,1,5,2,9,2,3,5,0
FS01163,63.52,7,V005-P014-C102-S000,18021,18037,36395,36427,17,696,15,52,turn,narration|dialogue_scene|humor_aside,5,32,3,1,4,1,2,4,7,3,3,4,0
FS01164,63.57,7,V005-P014-C102-S000,18038,18051,36429,36460,14,514,13,36,turn,narration|humor_aside|inventory,5,27,3,0,5,1,5,4,5,1,0,1,2
FS01165,63.63,7,V005-P015-C103-S000,18052,18072,36462,36502,21,746,22,26.0,dialogue_scene,narration|turn|explanation,3,26,10,1,2,0,0,1,7,1,0,4,0
FS01166,63.68,7,V005-P015-C103-S000,18073,18094,36504,36546,22,715,21,24,humor_aside,dialogue_scene|narration|inventory,2,31,4,1,0,1,2,10,3,1,0,7,2
FS01167,63.74,7,V005-P015-C103-S000,18095,18117,36548,36592,23,754,21,34,dialogue_scene,turn|narration|humor_aside,7,37,1,0,5,1,1,4,9,1,0,15,0
FS01168,63.79,7,V005-P015-C103-S000,18118,18142,36594,36642,25,749,20,35.5,dialogue_scene,turn|humor_aside|narration,8,36,9,0,4,1,2,4,3,0,2,11,0
FS01169,63.84,7,V005-P015-C103-S000,18143,18157,36644,36672,15,749,18,30.0,turn,narration|closure|dialogue_scene,5,20,1,1,3,1,1,2,5,1,2,2,1
FS01170,63.9,7,V005-P015-C103-S000,18158,18175,36674,36708,18,728,19,31,turn,closure|explanation|narration,7,27,7,2,5,0,3,2,2,2,3,0,1
FS01171,63.95,7,V005-P015-C103-S000,18176,18188,36710,36734,13,737,17,44,narration,turn|character|closure,4,34,9,0,4,0,1,0,12,4,3,1,0
FS01172,64.01,7,V005-P015-C103-S000,18189,18202,36736,36762,14,734,15,44,closure,inventory|narration|explanation,8,23,3,1,1,1,1,0,4,1,6,0,5
FS01173,64.06,7,V005-P015-C103-S000,18203,18216,36764,36790,14,739,14,50.0,narration,turn|dialogue_scene|explanation,7,33,7,2,3,1,3,0,7,2,2,4,2
FS01174,64.12,7,V005-P015-C103-S000,18217,18232,36792,36822,16,699,22,24.5,humor_aside,turn|dialogue_scene|explanation,1,36,15,2,3,0,0,8,5,0,0,3,0
FS01175,64.17,7,V005-P015-C103-S000,18233,18245,36824,36848,13,723,18,27.0,narration,turn|humor_aside|explanation,2,32,12,1,2,1,2,2,9,0,1,1,1
FS01176,64.23,7,V005-P015-C103-S000,18246,18260,36850,36878,15,680,14,53.5,narration,explanation|closure|humor_aside,8,34,3,3,1,0,1,4,11,0,4,3,4
FS01177,64.28,7,V005-P015-C103-S000,18261,18273,36880,36904,13,713,16,41.0,dialogue_scene,judgment|turn|humor_aside,5,26,11,0,2,2,2,2,2,0,1,3,1
FS01178,64.34,7,V005-P015-C103-S000,18274,18285,36906,36928,12,736,15,46,dialogue_scene,turn|narration|closure,3,17,4,0,2,0,3,0,2,0,2,3,1
FS01179,64.39,7,V005-P015-C103-S000,18286,18295,36930,36951,10,568,9,54,dialogue_scene,inventory|narration|turn,6,16,1,0,2,0,3,0,3,0,0,4,3
FS01180,64.45,7,V005-P015-C104-S000,18296,18307,36953,36975,12,698,13,42,humor_aside,inventory|turn|narration,5,21,3,1,2,0,1,5,4,1,1,0,3
FS01181,64.5,7,V005-P015-C104-S000,18308,18329,36977,37019,22,737,22,30.5,dialogue_scene,turn|humor_aside|closure,7,35,2,0,5,0,1,5,5,2,4,9,2
FS01182,64.55,7,V005-P015-C104-S000,18330,18350,37021,37061,21,759,19,35,dialogue_scene,turn|narration|inventory,6,25,4,0,3,1,2,0,3,1,1,8,2
FS01183,64.61,7,V005-P015-C104-S000,18351,18367,37063,37095,17,752,16,46.5,humor_aside,dialogue_scene|closure|inventory,5,26,3,0,1,1,1,8,2,0,3,5,2
FS01184,64.66,7,V005-P015-C104-S000,18368,18388,37097,37137,21,691,16,44.0,dialogue_scene,judgment|turn|explanation,2,27,9,0,1,3,1,0,0,0,0,13,0
FS01185,64.72,7,V005-P015-C104-S000,18389,18405,37139,37171,17,707,17,41,turn,humor_aside|narration|inventory,6,26,1,1,4,0,2,5,5,2,1,2,3
FS01186,64.77,7,V005-P015-C104-S000,18406,18421,37173,37203,16,719,17,41,humor_aside,turn|inventory|closure,3,22,0,0,3,1,2,6,2,0,2,2,4
FS01187,64.83,7,V005-P015-C104-S000,18422,18436,37205,37233,15,730,17,37,turn,closure|dialogue_scene|explanation,14,30,11,1,5,0,0,0,3,1,6,2,1
FS01188,64.88,7,V005-P015-C104-S000,18437,18451,37235,37263,15,748,15,34,humor_aside,narration|turn|character,3,24,2,0,3,0,4,6,5,3,0,0,1
FS01189,64.94,7,V005-P015-C104-S000,18452,18463,37265,37287,12,621,14,38.0,turn,narration|explanation|character,4,22,0,2,5,0,4,0,6,2,1,0,2
FS01190,64.99,7,V005-P015-C104-S000,18464,18477,37289,37315,14,720,15,41,humor_aside,character|turn|judgment,4,22,6,0,2,1,1,7,2,3,0,0,0
FS01191,65.05,7,V005-P015-C104-S000,18478,18487,37317,37335,10,480,12,38.0,turn,closure|dialogue_scene|narration,2,9,4,0,1,0,1,0,1,0,1,1,0
FS01192,65.1,7,V005-P015-C105-S000,18488,18504,37340,37372,17,753,19,40,narration,humor_aside|inventory|turn,1,38,7,1,2,1,3,6,11,2,0,2,3
FS01193,65.16,7,V005-P015-C105-S000,18505,18516,37374,37396,12,758,15,45,dialogue_scene,humor_aside|closure|explanation,8,30,3,2,1,0,1,6,4,2,3,8,0
FS01194,65.21,7,V005-P015-C105-S000,18517,18534,37398,37432,18,728,19,36,humor_aside,turn|narration|judgment,7,32,0,1,4,2,3,10,7,2,2,0,1
FS01195,65.26,7,V005-P015-C105-S000,18535,18548,37434,37460,14,740,14,51.0,character,turn|dialogue_scene|narration,4,22,0,1,3,1,3,0,1,9,1,2,1
FS01196,65.32,7,V005-P015-C105-S000,18549,18561,37462,37486,13,727,15,43,closure,turn|character|judgment,9,29,4,1,3,2,3,2,3,4,5,0,2
FS01197,65.37,7,V005-P015-C105-S000,18562,18581,37488,37526,20,717,20,30.5,dialogue_scene,turn|narration|closure,3,14,1,0,2,0,2,1,3,0,1,4,0
FS01198,65.43,7,V005-P015-C105-S000,18582,18598,37528,37560,17,707,16,47.0,dialogue_scene,judgment|humor_aside|narration,2,21,5,0,1,2,2,2,2,1,1,4,1
FS01199,65.48,7,V005-P015-C105-S000,18599,18611,37562,37586,13,758,12,54.5,humor_aside,closure|judgment|turn,4,25,9,0,1,1,1,8,0,0,4,1,0
FS01200,65.54,7,V005-P015-C105-S000,18612,18625,37588,37614,14,750,16,48.0,closure,explanation|dialogue_scene|humor_aside,3,17,2,2,0,1,1,2,1,1,4,3,0
FS01201,65.59,7,V005-P015-C105-S000,18626,18639,37616,37642,14,721,13,52,turn,humor_aside|narration|closure,6,19,2,0,3,0,3,4,5,0,2,0,0
FS01202,65.65,7,V005-P015-C105-S000,18640,18657,37644,37678,18,732,19,37,character,closure|judgment|turn,2,41,23,0,2,2,1,0,2,7,3,1,0
FS01203,65.7,7,V005-P015-C105-S000,18658,18666,37680,37699,9,481,8,74.5,character,closure|humor_aside|judgment,3,11,2,0,1,1,0,2,0,2,2,0,1
FS01204,65.76,7,V005-P015-C106-S000,18667,18683,37701,37733,17,744,18,33.0,narration,explanation|inventory|closure,4,21,3,2,0,0,1,2,7,1,2,0,3
FS01205,65.81,7,V005-P015-C106-S000,18684,18693,37735,37753,10,728,12,56.5,character,humor_aside|dialogue_scene|inventory,2,21,2,0,0,1,0,4,3,7,0,2,2
FS01206,65.87,7,V005-P015-C106-S000,18694,18702,37755,37771,9,693,11,60,humor_aside,narration|explanation|closure,7,24,1,2,1,1,3,6,5,1,3,0,1
FS01207,65.92,7,V005-P015-C106-S000,18703,18710,37773,37787,8,755,9,76,narration,humor_aside|closure|inventory,4,22,0,0,0,1,1,4,11,1,2,0,2
FS01208,65.97,7,V005-P015-C106-S000,18711,18724,37789,37815,14,744,14,49.0,dialogue_scene,narration|closure|judgment,5,27,2,0,1,2,4,2,4,2,3,6,1
FS01209,66.03,7,V005-P015-C106-S000,18725,18736,37817,37839,12,715,17,45,narration,turn|humor_aside|dialogue_scene,6,27,6,1,3,0,3,4,6,1,0,3,0
FS01210,66.08,7,V005-P015-C106-S000,18737,18754,37841,37875,18,735,19,37,dialogue_scene,narration|explanation|judgment,5,31,5,3,1,3,2,0,9,0,0,8,0
FS01211,66.14,7,V005-P015-C106-S000,18755,18768,37877,37903,14,752,20,40.5,character,inventory|judgment|turn,3,14,2,0,1,1,0,1,2,3,1,1,2
FS01212,66.19,7,V005-P015-C106-S000,18769,18781,37905,37929,13,760,18,42.0,humor_aside,narration|judgment|turn,6,27,2,0,2,2,5,8,4,1,1,2,0
FS01213,66.25,7,V005-P015-C106-S000,18782,18798,37931,37963,17,751,17,41,humor_aside,closure|explanation|narration,4,27,2,2,1,0,3,10,2,1,3,2,1
FS01214,66.3,7,V005-P015-C106-S000,18799,18812,37965,37991,14,721,17,40,turn,explanation|narration|character,9,26,0,2,4,1,4,0,3,3,3,3,3
FS01215,66.36,7,V005-P015-C106-S000,18813,18830,37993,38027,18,754,21,31,turn,explanation|humor_aside|narration,9,24,2,2,3,1,5,4,3,2,1,0,1
FS01216,66.41,7,V005-P015-C106-S000,18831,18845,38029,38057,15,721,18,35.5,dialogue_scene,humor_aside|closure|turn,8,27,7,1,2,1,1,4,3,1,3,4,0
FS01217,66.47,7,V005-P015-C106-S000,18846,18858,38059,38083,13,708,19,30,explanation,turn|narration|dialogue_scene,4,16,1,2,2,0,1,0,4,1,1,2,2
FS01218,66.52,7,V005-P015-C106-S000,18859,18876,38085,38119,18,742,21,33,character,turn|narration|closure,3,24,4,1,3,1,3,0,2,7,2,1,0
FS01219,66.58,7,V005-P015-C106-S000,18877,18892,38121,38154,16,521,17,34,humor_aside,closure|narration,1,23,0,0,0,0,0,22,0,0,1,0,0
FS01220,66.63,7,V005-P015-C107-S000,18893,18911,38156,38192,19,690,23,28,judgment,narration|turn|explanation,4,30,2,2,3,4,4,3,5,0,2,3,2
FS01221,66.68,7,V005-P015-C107-S000,18912,18928,38194,38226,17,735,22,31.0,humor_aside,inventory|narration|turn,5,20,1,0,2,0,2,6,4,0,2,0,3
FS01222,66.74,7,V005-P015-C107-S000,18929,18943,38228,38256,15,688,20,34.5,humor_aside,narration|turn|closure,3,27,1,0,2,1,5,10,3,0,2,2,1
FS01223,66.79,7,V005-P015-C107-S000,18944,18957,38258,38284,14,729,17,35,humor_aside,judgment|turn|narration,6,25,6,0,2,2,1,8,4,0,1,0,1
FS01224,66.85,7,V005-P015-C107-S000,18958,18974,38286,38318,17,758,25,26,turn,humor_aside|narration|dialogue_scene,5,33,4,0,5,1,3,6,7,2,1,4,0
FS01225,66.9,7,V005-P015-C107-S000,18975,18996,38320,38362,22,745,27,24,narration,humor_aside|judgment|explanation,3,20,1,0,1,2,5,4,4,1,1,0,1
FS01226,66.96,7,V005-P015-C107-S000,18997,19018,38364,38406,22,712,19,30,humor_aside,explanation|narration|closure,4,29,1,3,1,0,3,14,3,0,2,2,0
FS01227,67.01,7,V005-P015-C107-S000,19019,19029,38408,38431,11,476,14,40.0,humor_aside,dialogue_scene|inventory|explanation,2,22,0,1,1,0,1,8,1,0,1,6,3
FS01228,67.07,7,V005-P015-C108-S000,19030,19039,38433,38451,10,705,11,61,humor_aside,dialogue_scene|explanation|narration,6,37,1,3,1,1,5,12,3,1,1,8,1
FS01229,67.12,7,V005-P015-C108-S000,19040,19055,38453,38483,16,736,15,45,closure,narration|dialogue_scene|inventory,9,19,0,1,1,1,4,0,4,0,4,2,2
FS01230,67.18,7,V005-P015-C108-S000,19056,19071,38485,38515,16,749,16,34.5,closure,narration|character|humor_aside,4,15,1,0,0,1,2,2,3,2,3,0,1
FS01231,67.23,7,V005-P015-C108-S000,19072,19084,38517,38541,13,753,16,41.5,dialogue_scene,character|narration|humor_aside,2,28,1,1,0,0,3,2,3,4,1,12,1
FS01232,67.29,7,V005-P015-C108-S000,19085,19099,38543,38571,15,660,13,51,explanation,dialogue_scene|humor_aside|judgment,4,22,0,3,2,2,1,4,4,0,1,4,1
FS01233,67.34,7,V005-P015-C108-S000,19100,19117,38573,38607,18,733,17,28,explanation,narration|closure|humor_aside,6,22,5,5,0,1,3,2,2,1,2,1,0
FS01234,67.39,7,V005-P015-C108-S000,19118,19139,38609,38651,22,747,23,26,inventory,dialogue_scene|humor_aside|explanation,4,35,3,1,1,1,1,6,1,1,1,6,13
FS01235,67.45,7,V005-P015-C108-S000,19140,19151,38653,38675,12,703,12,53.0,inventory,narration|humor_aside|closure,3,23,1,0,0,1,1,3,8,0,2,2,5
FS01236,67.5,7,V005-P015-C108-S000,19152,19166,38677,38705,15,721,17,32,dialogue_scene,explanation|turn|humor_aside,8,28,1,5,3,1,2,2,2,1,1,8,2
FS01237,67.56,7,V005-P015-C108-S000,19167,19180,38707,38733,14,758,16,51.0,explanation,turn|character|dialogue_scene,12,29,1,5,5,1,4,2,1,4,2,4,0
FS01238,67.61,7,V005-P015-C108-S000,19181,19193,38735,38759,13,738,14,46.5,dialogue_scene,humor_aside|explanation|narration,2,17,0,2,1,0,1,4,3,1,0,4,1
FS01239,67.67,7,V005-P015-C108-S000,19194,19212,38761,38797,19,694,18,39.5,humor_aside,character|dialogue_scene|inventory,1,16,2,0,1,1,0,4,1,3,0,2,2
FS01240,67.72,7,V005-P015-C108-S000,19213,19228,38799,38829,16,719,17,37,turn,humor_aside|closure|inventory,9,17,0,0,5,1,3,4,0,0,2,0,2
FS01241,67.78,7,V005-P015-C108-S000,19229,19244,38831,38861,16,753,16,44.5,turn,inventory|humor_aside|explanation,8,16,1,1,4,1,2,2,0,1,1,0,3
FS01242,67.83,7,V005-P015-C108-S000,19245,19261,38863,38895,17,757,18,44.0,dialogue_scene,inventory|closure|humor_aside,3,17,1,1,1,0,1,2,2,0,2,4,3
FS01243,67.89,7,V005-P015-C108-S000,19262,19279,38897,38931,18,753,19,42,humor_aside,dialogue_scene|explanation|turn,2,43,1,2,2,0,3,18,2,0,2,12,1
FS01244,67.94,7,V005-P015-C108-S000,19280,19288,38933,38952,9,474,10,43.0,narration,closure|explanation|inventory,4,11,1,1,0,0,1,0,5,0,2,0,1
FS01245,68.0,7,V005-P015-C109-S000,19289,19307,38954,38990,19,711,18,31.5,humor_aside,dialogue_scene|narration|judgment,1,30,0,1,1,2,2,10,6,1,0,6,1
FS01246,68.05,7,V005-P015-C109-S000,19308,19326,38992,39028,19,760,17,50,dialogue_scene,turn|character|closure,1,10,1,0,1,0,0,0,0,1,1,5,1
FS01247,68.1,7,V005-P015-C109-S000,19327,19343,39030,39062,17,753,20,36.5,turn,humor_aside|dialogue_scene|judgment,6,29,7,0,5,1,2,6,0,1,1,5,1
FS01248,68.16,7,V005-P015-C109-S000,19344,19361,39064,39098,18,694,20,31.0,narration,judgment|humor_aside|explanation,5,21,3,1,1,2,2,2,8,0,0,1,1
FS01249,68.21,7,V005-P015-C109-S000,19362,19375,39100,39126,14,741,15,46,humor_aside,turn|narration|judgment,4,28,1,0,2,1,0,17,4,1,1,0,1
FS01250,68.27,7,V005-P015-C109-S000,19376,19394,39128,39164,19,751,25,25,turn,closure|explanation|inventory,10,33,10,2,4,2,3,2,2,0,3,2,3
FS01251,68.32,7,V005-P015-C109-S000,19395,19412,39166,39200,18,754,18,40.5,humor_aside,turn|narration|dialogue_scene,8,30,3,0,4,2,5,6,4,1,2,3,0
FS01252,68.38,7,V005-P015-C109-S000,19413,19434,39202,39244,22,735,22,31.5,dialogue_scene,humor_aside|judgment|narration,4,39,6,1,2,3,3,9,3,0,0,12,0
FS01253,68.43,7,V005-P015-C109-S000,19435,19453,39246,39282,19,741,20,36.5,humor_aside,dialogue_scene|explanation|narration,3,26,3,2,0,1,0,8,6,0,0,4,2
FS01254,68.49,7,V005-P015-C109-S000,19454,19466,39284,39308,13,693,19,28,humor_aside,judgment|narration|inventory,3,30,6,1,1,3,1,6,6,2,1,0,3
FS01255,68.54,7,V005-P015-C109-S000,19467,19480,39310,39336,14,690,16,41.0,narration,dialogue_scene|explanation|humor_aside,5,24,0,2,1,0,10,2,2,0,1,4,2
FS01256,68.6,7,V005-P015-C109-S000,19481,19494,39338,39364,14,748,19,41,closure,humor_aside|judgment|narration,6,18,2,0,1,2,0,4,5,0,4,0,0
FS01257,68.65,7,V005-P015-C109-S000,19495,19508,39366,39392,14,651,19,34,dialogue_scene,humor_aside|character|inventory,2,23,2,0,0,1,0,6,0,3,1,7,3
FS01258,68.71,7,V005-P015-C109-S000,19509,19518,39394,39412,10,708,18,33.5,humor_aside,explanation|inventory|closure,4,24,4,2,1,1,1,8,2,0,2,0,3
FS01259,68.76,7,V005-P015-C109-S000,19519,19534,39414,39444,16,707,19,40,turn,humor_aside|explanation|narration,3,12,3,1,2,0,0,2,3,1,0,0,0
FS01260,68.81,7,V005-P015-C109-S000,19535,19549,39446,39474,15,755,16,41.5,explanation,turn|humor_aside|narration,8,26,5,4,3,1,2,3,3,2,1,0,2
FS01261,68.87,7,V005-P015-C109-S000,19550,19562,39476,39500,13,724,14,43.0,humor_aside,narration|turn|explanation,1,8,1,0,1,0,2,2,1,0,0,0,1
FS01262,68.92,7,V005-P015-C109-S000,19563,19578,39502,39532,16,756,15,44,character,humor_aside|turn|explanation,3,15,1,1,2,1,2,3,1,4,0,0,0
FS01263,68.98,7,V005-P015-C109-S000,19579,19594,39534,39564,16,728,16,49.0,turn,closure|narration|explanation,8,12,1,1,3,0,2,0,2,0,2,0,1
FS01264,69.03,7,V005-P015-C109-S000,19595,19613,39566,39602,19,755,21,35,turn,humor_aside|narration|closure,6,26,2,1,3,1,5,4,3,1,3,3,0
FS01265,69.09,7,V005-P015-C109-S000,19614,19624,39604,39627,11,466,13,34,humor_aside,explanation|judgment|narration,5,18,0,3,1,2,0,6,3,1,1,1,0
FS01266,69.14,7,V005-P015-C110-S000,19625,19638,39629,39655,14,726,16,45.0,humor_aside,inventory|explanation|judgment,2,12,1,1,1,1,0,2,3,0,1,0,2
FS01267,69.2,7,V005-P015-C110-S000,19639,19650,39657,39679,12,662,13,52,dialogue_scene,humor_aside|judgment|narration,2,26,1,1,0,2,1,6,4,1,2,6,2
FS01268,69.25,7,V005-P015-C110-S000,19651,19671,39681,39721,21,745,22,35.0,humor_aside,dialogue_scene|explanation|narration,2,19,1,1,0,0,0,8,3,0,1,5,0
FS01269,69.31,7,V005-P015-C110-S000,19672,19685,39723,39749,14,715,15,48,dialogue_scene,judgment|turn|humor_aside,4,20,1,0,2,2,3,2,1,1,0,6,2
FS01270,69.36,7,V005-P015-C110-S000,19686,19703,39751,39785,18,756,17,41,humor_aside,narration|dialogue_scene,1,14,2,0,0,0,0,8,3,0,0,1,0
FS01271,69.42,7,V005-P015-C110-S000,19704,19721,39787,39821,18,757,19,42,humor_aside,closure|turn|dialogue_scene,7,24,8,0,2,0,3,4,0,1,3,2,1
FS01272,69.47,7,V005-P015-C110-S000,19722,19738,39823,39855,17,760,20,43.0,humor_aside,turn|closure|character,5,13,1,0,2,0,0,6,0,1,2,1,0
FS01273,69.52,7,V005-P015-C110-S000,19739,19761,39857,39901,23,732,22,35.5,closure,turn|dialogue_scene|judgment,4,15,1,0,3,2,0,0,0,0,5,3,1
FS01274,69.58,7,V005-P015-C110-S000,19762,19783,39903,39945,22,739,21,31,dialogue_scene,humor_aside|narration|closure,3,36,12,0,1,0,3,6,2,1,2,8,1
FS01275,69.63,7,V005-P015-C110-S000,19784,19805,39947,39989,22,744,23,24,dialogue_scene,humor_aside|closure|inventory,5,33,1,0,1,0,4,6,2,0,5,11,3
FS01276,69.69,7,V005-P015-C110-S000,19806,19834,39991,40047,29,735,25,23,dialogue_scene,explanation|turn|humor_aside,2,36,2,2,2,0,1,2,0,1,0,24,2
FS01277,69.74,7,V005-P015-C110-S000,19835,19853,40049,40085,19,746,20,35.0,dialogue_scene,closure|narration|judgment,9,25,0,1,1,2,5,0,3,1,5,6,1
FS01278,69.8,7,V005-P015-C110-S000,19854,19868,40087,40118,15,511,16,29.0,humor_aside,narration|dialogue_scene|judgment,3,18,3,0,1,1,4,4,1,0,1,2,1
FS01279,69.85,7,V005-P015-C111-S000,19869,19891,40120,40164,23,738,21,30,turn,narration|closure|dialogue_scene,6,14,0,0,3,1,1,0,5,0,2,2,0
FS01280,69.91,7,V005-P015-C111-S000,19892,19904,40166,40190,13,688,15,49,humor_aside,narration|character|closure,3,11,1,0,0,0,2,5,1,1,1,0,0
FS01281,69.96,7,V005-P015-C111-S000,19905,19918,40192,40218,14,725,15,46,humor_aside,inventory|judgment|dialogue_scene,4,21,3,1,0,2,2,5,1,1,1,2,3
FS01282,70.02,7,V005-P015-C111-S000,19919,19931,40220,40244,13,719,17,43,humor_aside,character|judgment|turn,2,13,0,0,1,1,2,4,0,2,1,1,1
FS01283,70.07,8,V005-P015-C111-S000,19932,19955,40246,40292,24,740,24,32.0,dialogue_scene,judgment|closure|explanation,3,19,2,1,1,2,2,0,0,0,2,8,1
FS01284,70.13,8,V005-P015-C111-S000,19956,19972,40294,40326,17,739,19,35,closure,narration|turn|humor_aside,7,20,0,0,2,1,3,2,5,1,5,0,1
FS01285,70.18,8,V005-P015-C111-S000,19973,19991,40328,40364,19,754,21,35,turn,dialogue_scene|judgment|inventory,7,10,0,0,4,1,0,0,2,0,0,2,1
FS01286,70.23,8,V005-P015-C111-S000,19992,20006,40366,40394,15,747,16,47.0,humor_aside,turn|closure|dialogue_scene,4,14,2,0,2,0,0,4,1,1,2,2,0
FS01287,70.29,8,V005-P015-C111-S000,20007,20027,40396,40436,21,757,22,31.5,turn,dialogue_scene|humor_aside|closure,5,19,0,2,3,1,2,4,0,0,3,4,0
FS01288,70.34,8,V005-P015-C111-S000,20028,20042,40438,40466,15,756,17,43,turn,judgment|narration|character,8,23,0,0,5,3,5,2,3,2,1,0,2
FS01289,70.4,8,V005-P015-C111-S000,20043,20063,40468,40508,21,759,23,27,turn,narration|explanation|character,7,14,0,2,3,0,6,1,1,1,0,0,0
FS01290,70.45,8,V005-P015-C111-S000,20064,20082,40510,40546,19,723,19,24,dialogue_scene,humor_aside|explanation|narration,3,39,3,3,2,0,1,8,6,0,2,12,2
FS01291,70.51,8,V005-P015-C111-S000,20083,20100,40548,40582,18,755,18,42.5,closure,humor_aside|judgment|dialogue_scene,5,35,1,0,1,3,3,6,5,3,7,4,2
FS01292,70.56,8,V005-P015-C111-S000,20101,20112,40584,40609,12,461,13,33,inventory,judgment|turn|explanation,3,15,2,1,2,2,0,0,1,0,0,1,6
FS01293,70.62,8,V005-P015-C112-S000,20113,20133,40611,40651,21,745,23,28,humor_aside,closure|dialogue_scene|turn,1,13,2,0,1,0,0,4,0,1,3,2,0
FS01294,70.67,8,V005-P015-C112-S000,20134,20152,40653,40689,19,757,19,37,dialogue_scene,humor_aside|narration|closure,7,26,1,1,1,1,4,5,2,0,2,8,1
FS01295,70.73,8,V005-P015-C112-S000,20153,20172,40691,40729,20,693,21,26,explanation,closure|character|dialogue_scene,7,12,0,2,0,1,0,0,1,2,3,2,1
FS01296,70.78,8,V005-P015-C112-S000,20173,20184,40731,40753,12,689,14,43.0,closure,dialogue_scene|inventory|narration,1,5,0,0,0,0,0,0,2,0,1,1,1
FS01297,70.84,8,V005-P015-C112-S000,20185,20201,40755,40787,17,760,18,42.0,explanation,narration|turn|judgment,6,18,1,3,2,1,4,0,5,0,1,1,0
FS01298,70.89,8,V005-P015-C112-S000,20202,20215,40789,40815,14,728,17,43,humor_aside,judgment|closure|turn,6,19,0,0,2,3,3,6,1,1,3,0,0
FS01299,70.94,8,V005-P015-C112-S000,20216,20235,40817,40855,20,760,22,27.5,judgment,humor_aside|narration|character,4,19,0,0,1,3,4,4,4,2,1,0,0
FS01300,71.0,8,V005-P015-C112-S000,20236,20254,40857,40893,19,759,21,34,humor_aside,explanation|narration|character,6,21,0,2,0,1,2,6,4,2,2,0,2
FS01301,71.05,8,V005-P015-C112-S000,20255,20274,40895,40933,20,743,22,33.0,explanation,humor_aside|inventory|character,4,24,1,3,1,1,4,4,1,3,2,0,4
FS01302,71.11,8,V005-P015-C112-S000,20275,20291,40935,40967,17,727,17,42,humor_aside,explanation|turn|narration,4,28,4,4,3,0,3,7,2,0,2,2,1
FS01303,71.16,8,V005-P015-C112-S000,20292,20314,40969,41013,23,756,25,21,explanation,closure|turn|narration,4,14,2,4,2,0,2,0,1,0,3,0,0
FS01304,71.22,8,V005-P015-C112-S000,20315,20329,41015,41043,15,738,16,42.0,humor_aside,judgment|narration|closure,4,18,0,0,1,2,2,4,4,1,2,2,0
FS01305,71.27,8,V005-P015-C112-S000,20330,20342,41045,41072,13,475,14,35.0,turn,closure|humor_aside|explanation,5,12,1,1,2,1,0,2,3,0,2,0,0
FS01306,71.33,8,V005-P015-C113-S000,20343,20370,41074,41128,28,754,27,28,dialogue_scene,judgment|closure|turn,5,25,1,1,2,4,2,2,2,1,3,7,0
FS01307,71.38,8,V005-P015-C113-S000,20371,20387,41130,41162,17,728,17,44,dialogue_scene,narration|closure|explanation,5,24,2,2,2,0,1,2,6,0,3,5,1
FS01308,71.44,8,V005-P015-C113-S000,20388,20403,41164,41194,16,760,18,39.0,turn,closure|narration|humor_aside,8,19,2,1,3,1,5,2,1,0,3,0,1
FS01309,71.49,8,V005-P015-C113-S000,20404,20422,41196,41232,19,758,24,32.5,narration,humor_aside|inventory|turn,6,29,6,1,2,1,9,3,1,0,1,2,3
FS01310,71.55,8,V005-P015-C113-S000,20423,20452,41234,41292,30,740,31,21,turn,humor_aside|inventory|dialogue_scene,3,20,4,0,3,0,3,4,0,1,0,2,3
FS01311,71.6,8,V005-P015-C113-S000,20453,20478,41294,41344,26,758,27,16,inventory,turn|dialogue_scene|humor_aside,4,13,1,0,2,0,1,2,1,0,1,2,3
FS01312,71.65,8,V005-P015-C113-S000,20479,20500,41346,41388,22,731,27,23,explanation,turn|closure|narration,6,19,0,4,3,0,1,0,5,0,3,2,1
FS01313,71.71,8,V005-P015-C113-S000,20501,20522,41390,41432,22,746,28,24.5,humor_aside,judgment|narration|turn,3,24,2,0,1,3,2,10,4,0,1,0,1
FS01314,71.76,8,V005-P015-C113-S000,20523,20542,41434,41472,20,757,26,27.0,dialogue_scene,judgment|closure|narration,3,26,1,1,1,3,2,0,3,2,3,9,1
FS01315,71.82,8,V005-P015-C113-S000,20543,20561,41474,41510,19,691,25,26,closure,humor_aside|turn|narration,3,7,0,0,1,0,2,2,0,0,2,0,0
FS01316,71.87,8,V005-P015-C113-S000,20562,20580,41512,41548,19,754,23,30,closure,narration|dialogue_scene|humor_aside,3,18,0,1,1,1,1,2,5,1,3,2,1
FS01317,71.93,8,V005-P015-C113-S000,20581,20599,41550,41586,19,750,24,28.0,character,turn|humor_aside|closure,5,15,0,0,3,0,1,4,0,5,2,0,0
FS01318,71.98,8,V005-P015-C113-S000,20600,20617,41588,41622,18,744,20,31.5,turn,narration|character|closure,2,9,0,0,2,0,4,0,0,1,1,0,1
FS01319,72.04,8,V005-P015-C113-S000,20618,20637,41624,41662,20,756,29,18,character,judgment|humor_aside|narration,5,17,3,0,1,2,4,2,0,4,1,0,0
FS01320,72.09,8,V005-P015-C113-S000,20638,20656,41664,41700,19,727,24,28.0,turn,judgment|inventory|character,5,15,0,0,4,3,2,0,0,2,1,0,3
FS01321,72.15,8,V005-P015-C113-S000,20657,20673,41702,41734,17,753,29,24,turn,inventory|narration|explanation,4,13,2,1,2,0,0,0,4,1,1,0,2
FS01322,72.2,8,V005-P015-C113-S000,20674,20692,41736,41772,19,647,19,35,humor_aside,turn|narration|character,7,22,0,0,4,0,5,6,4,2,1,0,0
FS01323,72.26,8,V005-P015-C114-S000,20693,20708,41777,41807,16,718,24,27.0,narration,closure|explanation|turn,8,21,0,2,2,1,3,2,5,1,3,0,2
FS01324,72.31,8,V005-P015-C114-S000,20709,20724,41809,41839,16,731,25,26,explanation,character|inventory|closure,5,21,2,3,1,0,3,2,1,4,2,0,3
FS01325,72.36,8,V005-P015-C114-S000,20725,20742,41841,41875,18,737,22,29.0,turn,humor_aside|character|dialogue_scene,5,18,1,0,5,1,2,4,0,2,1,2,0
FS01326,72.42,8,V005-P015-C114-S000,20743,20757,41877,41905,15,743,23,28,explanation,judgment|narration|closure,4,7,0,2,0,1,3,0,0,0,1,0,0
FS01327,72.47,8,V005-P015-C114-S000,20758,20777,41907,41945,20,748,27,24,dialogue_scene,closure|narration|explanation,1,13,2,1,0,1,4,0,0,0,2,3,0
FS01328,72.53,8,V005-P015-C114-S000,20778,20791,41947,41973,14,722,21,25,humor_aside,turn|narration|closure,6,24,1,0,3,0,3,10,4,0,3,0,0
FS01329,72.58,8,V005-P015-C114-S000,20792,20806,41975,42003,15,759,17,42,humor_aside,character|inventory|turn,4,26,0,1,2,0,4,10,1,4,1,0,3
FS01330,72.64,8,V005-P015-C114-S000,20807,20829,42005,42049,23,740,28,24.5,turn,dialogue_scene|explanation|narration,5,17,3,1,4,0,2,0,1,0,0,5,1
FS01331,72.69,8,V005-P015-C114-S000,20830,20845,42051,42081,16,753,23,25,turn,judgment|humor_aside|closure,7,18,3,1,4,3,1,4,0,0,2,0,0
FS01332,72.75,8,V005-P015-C114-S000,20846,20869,42083,42129,24,740,28,24.5,turn,humor_aside|explanation|judgment,6,12,0,1,4,1,3,2,0,0,1,0,0
FS01333,72.8,8,V005-P015-C114-S000,20870,20891,42131,42173,22,750,20,33.5,judgment,turn|closure|narration,3,12,0,0,2,3,3,0,1,0,2,1,0
FS01334,72.86,8,V005-P015-C114-S000,20892,20905,42175,42204,14,460,15,29,dialogue_scene,inventory|narration|turn,2,10,0,0,1,0,3,0,0,0,1,3,2
FS01335,72.91,8,V005-P015-C115-S000,20906,20921,42206,42236,16,729,19,38,turn,inventory|narration,1,4,0,0,1,0,0,0,2,0,0,0,1
FS01336,72.97,8,V005-P015-C115-S000,20922,20939,42238,42272,18,723,23,25,turn,narration|closure|dialogue_scene,6,14,1,0,4,0,4,0,1,0,2,1,1
FS01337,73.02,8,V005-P015-C115-S000,20940,20959,42274,42312,20,743,24,31.0,turn,character|narration|inventory,6,17,0,0,4,1,3,0,2,3,1,1,2
FS01338,73.07,8,V005-P015-C115-S000,20960,20980,42314,42354,21,751,22,32.0,humor_aside,turn|explanation|judgment,5,11,0,1,2,1,2,4,0,0,0,0,1
FS01339,73.13,8,V005-P015-C115-S000,20981,20997,42356,42388,17,694,19,33,turn,character|closure|narration,4,12,3,0,3,0,2,0,0,3,1,0,0
FS01340,73.18,8,V005-P015-C115-S000,20998,21019,42390,42432,22,708,23,29,turn,dialogue_scene|closure|humor_aside,4,15,0,0,4,1,2,2,0,1,2,3,0
FS01341,73.24,8,V005-P015-C115-S000,21020,21038,42434,42470,19,753,20,29.0,closure,turn|narration|dialogue_scene,5,17,1,0,3,0,5,0,0,1,5,2,0
FS01342,73.29,8,V005-P015-C115-S000,21039,21053,42472,42500,15,751,15,51,closure,narration|humor_aside|turn,4,36,2,0,3,0,7,6,6,1,7,3,1
FS01343,73.35,8,V005-P015-C115-S000,21054,21069,42502,42532,16,701,17,39,humor_aside,narration|explanation|closure,3,24,0,2,0,0,1,7,12,0,1,0,1
FS01344,73.4,8,V005-P015-C115-S000,21070,21085,42534,42564,16,721,19,41,humor_aside,dialogue_scene|narration|turn,3,25,0,1,2,0,1,8,6,0,2,4,1
FS01345,73.46,8,V005-P015-C115-S000,21086,21099,42566,42592,14,740,14,52.0,judgment,turn|humor_aside|narration,7,21,2,0,3,3,1,4,5,1,2,0,0
FS01346,73.51,8,V005-P015-C115-S000,21100,21112,42594,42625,13,501,15,31,narration,closure|humor_aside|inventory,2,20,1,0,1,0,0,2,10,1,3,0,2
FS01347,73.57,8,V006-P016-C116-S000,21113,21129,42627,42659,17,732,20,30.0,humor_aside,judgment|narration|inventory,7,35,0,0,2,3,2,16,6,1,2,0,3
FS01348,73.62,8,V006-P016-C116-S000,21130,21152,42661,42705,23,755,26,28.0,turn,character|narration|closure,11,30,5,1,6,1,8,2,0,4,3,0,0
FS01349,73.68,8,V006-P016-C116-S000,21153,21168,42707,42737,16,727,22,30.5,narration,humor_aside|turn|closure,4,22,1,1,2,0,4,4,5,1,2,0,2
FS01350,73.73,8,V006-P016-C116-S000,21169,21188,42739,42777,20,690,27,26,humor_aside,turn|character|judgment,3,24,1,1,3,2,2,6,1,4,1,2,1
FS01351,73.78,8,V006-P016-C116-S000,21189,21209,42779,42819,21,759,30,22.0,character,turn|narration|explanation,6,28,4,2,3,2,6,2,2,5,0,0,2
FS01352,73.84,8,V006-P016-C116-S000,21210,21227,42821,42855,18,750,25,28,humor_aside,judgment|explanation|turn,10,24,3,2,2,3,1,6,2,0,2,2,1
FS01353,73.89,8,V006-P016-C116-S000,21228,21244,42857,42889,17,748,24,31.5,turn,dialogue_scene|humor_aside|explanation,8,28,5,2,6,2,3,4,1,0,0,4,1
FS01354,73.95,8,V006-P016-C116-S000,21245,21260,42891,42921,16,732,26,28.0,turn,dialogue_scene|humor_aside|explanation,5,17,1,1,4,0,0,4,1,1,0,4,1
FS01355,74.0,8,V006-P016-C116-S000,21261,21278,42923,42957,18,728,22,33.0,turn,humor_aside|character|closure,5,31,1,1,5,1,2,6,2,4,4,4,1
FS01356,74.06,8,V006-P016-C116-S000,21279,21295,42959,42991,17,548,16,34.0,turn,inventory|closure|humor_aside,3,14,0,0,3,0,0,2,2,1,2,0,4
FS01357,74.11,8,V006-P016-C117-S000,21296,21314,42996,43032,19,724,25,25,turn,humor_aside|narration|inventory,2,10,1,0,2,0,0,2,4,0,0,0,1
FS01358,74.17,8,V006-P016-C117-S000,21315,21329,43034,43062,15,756,28,25.5,humor_aside,narration|closure|judgment,7,14,2,0,1,1,2,3,3,0,2,0,0
FS01359,74.22,8,V006-P016-C117-S000,21330,21347,43064,43098,18,760,27,27,narration,turn|closure|dialogue_scene,7,27,4,0,3,1,2,0,11,0,3,3,0
FS01360,74.28,8,V006-P016-C117-S000,21348,21360,43100,43124,13,698,16,40.0,dialogue_scene,humor_aside|judgment|turn,7,29,0,1,2,2,2,6,3,0,2,10,1
FS01361,74.33,8,V006-P016-C117-S000,21361,21375,43126,43154,15,760,18,31.0,narration,inventory|judgment|dialogue_scene,3,25,3,0,0,2,1,2,10,1,1,2,3
FS01362,74.39,8,V006-P016-C117-S000,21376,21399,43156,43202,24,724,24,28.0,dialogue_scene,explanation|judgment|narration,4,25,5,2,1,2,0,0,6,0,1,6,2
FS01363,74.44,8,V006-P016-C117-S000,21400,21415,43204,43234,16,707,25,26,judgment,turn|narration|dialogue_scene,10,24,3,1,3,4,4,2,2,0,1,2,2
FS01364,74.49,8,V006-P016-C117-S000,21416,21426,43236,43256,11,686,26,26.0,humor_aside,dialogue_scene|narration|explanation,1,25,0,1,1,0,0,12,6,1,0,4,0
FS01365,74.55,8,V006-P016-C117-S000,21427,21447,43258,43298,21,713,24,25.5,humor_aside,dialogue_scene|judgment|narration,1,42,2,0,0,2,1,20,2,1,1,13,0
FS01366,74.6,8,V006-P016-C117-S000,21448,21472,43300,43348,25,724,20,35.5,dialogue_scene,humor_aside|turn|judgment,8,55,1,2,4,3,1,16,4,1,1,20,2
FS01367,74.66,8,V006-P016-C117-S000,21473,21488,43350,43380,16,727,17,42,dialogue_scene,humor_aside|turn|narration,3,28,4,0,3,0,2,6,4,1,1,7,0
FS01368,74.71,8,V006-P016-C117-S000,21489,21500,43382,43404,12,758,15,45,narration,judgment|humor_aside|explanation,4,18,2,1,1,2,1,2,8,1,0,0,0
FS01369,74.77,8,V006-P016-C117-S000,21501,21522,43406,43448,22,759,27,30,narration,turn|closure|humor_aside,8,22,2,0,3,1,4,2,7,0,3,0,0
FS01370,74.82,8,V006-P016-C117-S000,21523,21536,43450,43476,14,627,23,28,narration,closure|humor_aside|explanation,5,35,2,2,1,0,0,4,20,0,5,0,1
FS01371,74.88,8,V006-P016-C118-S000,21537,21553,43481,43513,17,759,30,22.5,humor_aside,narration|turn|judgment,7,25,0,0,4,1,7,8,5,0,0,0,0
FS01372,74.93,8,V006-P016-C118-S000,21554,21569,43515,43545,16,665,29,20,humor_aside,narration|dialogue_scene|explanation,6,28,4,2,2,1,1,4,7,1,2,3,1
FS01373,74.99,8,V006-P016-C118-S000,21570,21583,43547,43573,14,759,27,28,judgment,turn|dialogue_scene|narration,4,20,0,0,3,4,1,2,5,0,0,4,1
FS01374,75.04,8,V006-P016-C118-S000,21584,21605,43575,43617,22,754,21,29,dialogue_scene,humor_aside|judgment|turn,4,33,5,1,2,2,2,4,3,0,1,12,1
FS01375,75.1,8,V006-P016-C118-S000,21606,21633,43619,43673,28,738,25,28,dialogue_scene,turn|character|closure,5,35,0,1,2,1,3,0,1,2,2,22,1
FS01376,75.15,8,V006-P016-C118-S000,21634,21652,43675,43711,19,741,25,31,turn,explanation|narration|judgment,4,21,5,2,3,2,4,0,3,0,0,2,0
FS01377,75.2,8,V006-P016-C118-S000,21653,21670,43713,43747,18,758,24,32.0,judgment,turn|dialogue_scene|humor_aside,4,25,5,1,3,3,1,4,3,0,1,4,0
FS01378,75.26,8,V006-P016-C118-S000,21671,21688,43749,43783,18,757,18,44.0,dialogue_scene,humor_aside|judgment|narration,4,44,7,1,3,4,2,6,9,2,1,8,1
FS01379,75.31,8,V006-P016-C118-S000,21689,21705,43785,43817,17,731,23,30,turn,humor_aside|narration|character,4,21,3,0,3,0,3,4,3,2,1,2,0
FS01380,75.37,8,V006-P016-C118-S000,21706,21724,43819,43855,19,760,29,27,humor_aside,turn|narration|closure,3,24,2,0,4,0,2,8,6,0,1,0,1
FS01381,75.42,8,V006-P016-C118-S000,21725,21743,43857,43893,19,742,25,26,turn,narration|dialogue_scene|explanation,8,14,1,1,3,1,2,0,4,0,0,2,0
FS01382,75.48,8,V006-P016-C118-S000,21744,21765,43895,43937,22,707,24,28.0,turn,closure|narration|dialogue_scene,4,23,6,1,3,0,3,0,3,1,4,2,0
FS01383,75.53,8,V006-P016-C118-S000,21766,21777,43939,43964,12,493,18,23.0,narration,closure|turn|character,4,20,2,0,2,1,4,2,4,2,3,0,0
FS01384,75.59,8,V006-P016-C119-S000,21778,21802,43966,44014,25,708,23,28,dialogue_scene,humor_aside|judgment|narration,4,43,4,1,2,4,1,7,9,1,4,10,0
FS01385,75.64,8,V006-P016-C119-S000,21803,21815,44016,44040,13,729,25,22,turn,narration|humor_aside|character,7,33,7,0,6,0,5,4,7,2,0,2,0
FS01386,75.7,8,V006-P016-C119-S000,21816,21838,44042,44086,23,695,29,21,inventory,dialogue_scene|narration|closure,4,25,5,0,1,1,2,2,3,0,2,4,5
FS01387,75.75,8,V006-P016-C119-S000,21839,21854,44088,44118,16,734,22,28.0,humor_aside,turn|dialogue_scene|inventory,5,33,4,1,4,2,3,8,2,2,0,4,3
FS01388,75.81,8,V006-P016-C119-S000,21855,21870,44120,44150,16,739,28,27.5,dialogue_scene,narration|turn|humor_aside,4,34,13,1,2,0,4,2,4,0,1,6,1
FS01389,75.86,8,V006-P016-C119-S000,21871,21897,44152,44204,27,749,25,28,dialogue_scene,turn|narration|judgment,5,39,11,0,3,1,3,0,5,0,0,16,0
FS01390,75.91,8,V006-P016-C119-S000,21898,21919,44206,44248,22,732,23,29,dialogue_scene,turn|humor_aside|narration,9,45,10,0,5,2,3,4,4,0,3,14,0
FS01391,75.97,8,V006-P016-C119-S000,21920,21937,44250,44284,18,750,22,32.5,turn,narration|dialogue_scene|humor_aside,8,40,10,0,5,2,2,4,9,0,3,4,1
FS01392,76.02,8,V006-P016-C119-S000,21938,21958,44286,44326,21,722,16,43.5,dialogue_scene,humor_aside|narration|closure,2,35,4,1,1,0,3,4,3,0,2,17,0
FS01393,76.08,8,V006-P016-C119-S000,21959,21973,44328,44356,15,721,26,23.0,humor_aside,turn|narration|closure,7,22,0,1,3,2,2,6,5,0,3,0,0
FS01394,76.13,8,V006-P016-C119-S000,21974,21992,44358,44394,19,754,25,27,judgment,narration|closure|humor_aside,2,13,2,0,0,2,0,2,5,0,2,0,0
FS01395,76.19,8,V006-P016-C119-S000,21993,22012,44396,44434,20,727,26,26.0,explanation,narration|humor_aside|judgment,2,24,3,4,1,1,3,4,7,0,1,0,0
FS01396,76.24,8,V006-P016-C120-S000,22013,22031,44439,44475,19,752,28,22.0,humor_aside,turn|inventory|narration,5,36,3,0,4,1,2,10,7,1,2,1,5
FS01397,76.3,8,V006-P016-C120-S000,22032,22047,44477,44507,16,729,23,29,narration,turn|inventory|closure,6,26,2,0,4,1,3,0,9,0,2,2,3
FS01398,76.35,8,V006-P016-C120-S000,22048,22064,44509,44541,17,755,25,26,closure,turn|dialogue_scene|humor_aside,5,20,4,0,2,0,2,2,2,1,3,2,2
FS01399,76.41,8,V006-P016-C120-S000,22065,22081,44543,44575,17,759,27,27,humor_aside,dialogue_scene|narration|judgment,3,40,6,1,3,3,2,8,8,0,1,6,2
FS01400,76.46,8,V006-P016-C120-S000,22082,22096,44577,44605,15,744,17,39,turn,humor_aside|narration|inventory,12,34,1,1,6,2,4,6,8,0,2,0,4
FS01401,76.52,8,V006-P016-C120-S000,22097,22115,44607,44643,19,746,18,43.0,narration,judgment|turn|dialogue_scene,3,24,1,0,2,2,5,2,7,1,1,2,1
FS01402,76.57,8,V006-P016-C120-S000,22116,22132,44645,44677,17,746,18,33.0,turn,judgment|narration|dialogue_scene,7,24,0,0,5,4,2,2,5,1,2,3,0
FS01403,76.62,8,V006-P016-C120-S000,22133,22151,44679,44715,19,719,21,28,judgment,narration|closure|turn,3,26,3,0,2,4,1,0,7,2,3,2,2
FS01404,76.68,8,V006-P016-C120-S000,22152,22174,44717,44761,23,753,22,32.5,turn,dialogue_scene|narration|character,8,36,0,2,8,0,6,2,4,3,2,7,2
FS01405,76.73,8,V006-P016-C120-S000,22175,22190,44763,44793,16,741,17,36,turn,judgment|narration|character,6,21,0,0,7,3,4,0,3,2,1,0,1
FS01406,76.79,8,V006-P016-C120-S000,22191,22207,44795,44827,17,676,24,24.0,dialogue_scene,humor_aside|narration|judgment,2,26,3,0,0,1,2,6,6,0,1,6,1
FS01407,76.84,8,V006-P016-C120-S000,22208,22220,44829,44853,13,717,22,29.5,narration,turn|character|judgment,1,18,4,0,2,1,1,0,7,2,0,0,1
FS01408,76.9,8,V006-P016-C120-S000,22221,22238,44855,44889,18,735,21,31,judgment,narration|inventory|character,1,13,1,0,0,3,4,0,2,1,0,0,2
FS01409,76.95,8,V006-P016-C120-S000,22239,22255,44891,44923,17,683,22,30.5,narration,explanation|turn|closure,3,11,2,1,1,0,1,0,4,0,1,0,1
FS01410,77.01,8,V006-P016-C120-S000,22256,22268,44925,44949,13,747,23,28,humor_aside,turn|closure|inventory,4,16,1,0,2,1,1,4,3,0,2,0,2
FS01411,77.06,8,V006-P016-C120-S000,22269,22294,44951,45001,26,727,25,30,dialogue_scene,turn|narration|closure,5,31,6,1,3,0,3,2,2,0,2,12,0
FS01412,77.12,8,V006-P016-C120-S000,22295,22311,45003,45035,17,729,25,25,humor_aside,narration|turn|closure,6,22,1,0,2,0,4,9,5,0,1,0,0
FS01413,77.17,8,V006-P016-C120-S000,22312,22332,45037,45077,21,759,26,29.5,narration,humor_aside|turn|closure,6,28,2,0,3,1,3,6,10,0,3,0,0
FS01414,77.23,8,V006-P016-C120-S000,22333,22355,45079,45123,23,728,22,30.5,turn,explanation|narration|closure,7,15,0,2,4,1,2,0,3,0,2,0,1
FS01415,77.28,8,V006-P016-C120-S000,22356,22372,45125,45157,17,728,17,44,judgment,narration|closure|humor_aside,4,15,1,0,1,2,1,2,4,0,2,0,2
FS01416,77.33,8,V006-P016-C120-S000,22373,22389,45159,45191,17,728,18,37.5,closure,judgment|narration|turn,6,14,2,0,1,2,3,0,2,1,3,0,0
FS01417,77.39,8,V006-P016-C120-S000,22390,22415,45193,45243,26,753,24,31.0,humor_aside,dialogue_scene|judgment|inventory,4,43,3,2,3,4,1,12,5,1,1,6,5
FS01418,77.44,8,V006-P016-C120-S000,22416,22427,45245,45270,12,474,12,39.5,humor_aside,narration|turn|dialogue_scene,1,16,1,0,2,0,2,4,4,0,0,2,1
FS01419,77.5,8,V006-P016-C121-S000,22428,22448,45272,45312,21,752,21,39,humor_aside,dialogue_scene|judgment|narration,3,35,6,1,0,4,5,10,1,0,0,6,2
FS01420,77.55,8,V006-P016-C121-S000,22449,22470,45314,45356,22,746,23,24,turn,humor_aside|narration|inventory,6,26,1,0,5,0,7,6,2,0,1,0,4
FS01421,77.61,8,V006-P016-C121-S000,22471,22489,45358,45394,19,733,19,39,turn,explanation|judgment|closure,6,24,4,3,5,3,1,2,3,0,3,0,0
FS01422,77.66,8,V006-P016-C121-S000,22490,22514,45396,45444,25,760,25,27,turn,closure|humor_aside|dialogue_scene,6,9,1,0,2,0,0,2,1,0,2,1,0
FS01423,77.72,8,V006-P016-C121-S000,22515,22535,45446,45486,21,748,20,32.0,dialogue_scene,humor_aside|character|narration,3,38,9,0,1,1,1,6,3,2,0,14,1
FS01424,77.77,8,V006-P016-C121-S000,22536,22556,45488,45528,21,732,25,23,turn,dialogue_scene|explanation|closure,4,20,5,2,3,0,1,1,2,0,2,4,0
FS01425,77.83,8,V006-P016-C121-S000,22557,22577,45530,45570,21,731,20,35.0,judgment,narration|humor_aside|closure,5,24,3,1,1,3,2,4,7,0,2,0,1
FS01426,77.88,8,V006-P016-C121-S000,22578,22599,45572,45614,22,748,25,27,humor_aside,narration|closure|judgment,5,19,1,0,0,2,2,4,6,1,3,0,0
FS01427,77.94,8,V006-P016-C121-S000,22600,22624,45616,45664,25,728,25,24,humor_aside,turn|character|closure,4,39,1,2,3,2,4,12,1,4,4,4,2
FS01428,77.99,8,V006-P016-C121-S000,22625,22634,45666,45684,10,741,17,43,humor_aside,explanation|narration|dialogue_scene,4,30,13,2,0,0,1,6,4,0,1,2,1
FS01429,78.04,8,V006-P016-C121-S000,22635,22653,45686,45722,19,712,22,29.0,turn,closure|judgment|character,7,27,1,0,6,3,2,3,1,3,5,1,2
FS01430,78.1,8,V006-P016-C121-S000,22654,22677,45724,45770,24,736,26,26.0,character,closure|turn|dialogue_scene,4,25,3,0,2,1,1,2,3,5,4,2,2
FS01431,78.15,8,V006-P016-C121-S000,22678,22700,45772,45816,23,754,28,25.5,turn,humor_aside|narration|explanation,8,23,0,2,4,2,3,4,4,2,2,0,0
FS01432,78.21,8,V006-P016-C121-S000,22701,22737,45818,45890,37,760,29,26,dialogue_scene,humor_aside|narration|judgment,2,44,6,1,1,2,3,4,4,1,2,20,0
FS01433,78.26,8,V006-P016-C121-S000,22738,22753,45892,45922,16,757,16,44.5,explanation,narration|turn,1,8,2,2,1,0,1,0,2,0,0,0,0
FS01434,78.32,8,V006-P016-C121-S000,22754,22779,45924,45974,26,745,20,34.5,dialogue_scene,humor_aside|turn|closure,6,41,7,0,2,1,0,6,4,1,2,18,0
FS01435,78.37,8,V006-P016-C121-S000,22780,22795,45976,46006,16,741,19,42,closure,dialogue_scene|explanation|narration,8,34,6,3,2,2,2,2,5,0,6,5,1
FS01436,78.43,8,V006-P016-C122-S000,22796,22808,46011,46035,13,682,17,32,judgment,narration|turn|humor_aside,3,17,3,1,2,2,2,2,4,0,0,0,1
FS01437,78.48,8,V006-P016-C122-S000,22809,22821,46037,46061,13,736,16,44.5,humor_aside,judgment|explanation|narration,2,27,8,2,1,4,4,6,2,0,0,0,0
FS01438,78.54,8,V006-P016-C122-S000,22822,22842,46063,46103,21,748,24,20.5,humor_aside,dialogue_scene|explanation|turn,3,28,1,4,3,1,4,8,1,0,0,6,0
FS01439,78.59,8,V006-P016-C122-S000,22843,22861,46105,46141,19,735,25,29,humor_aside,closure|character|explanation,5,17,2,1,0,0,2,4,1,2,3,0,2
FS01440,78.65,8,V006-P016-C122-S000,22862,22886,46143,46191,25,751,29,21,dialogue_scene,humor_aside|judgment|character,3,18,1,0,1,2,1,4,0,2,0,6,1
FS01441,78.7,8,V006-P016-C122-S000,22887,22915,46193,46249,29,729,28,24.0,dialogue_scene,humor_aside|closure|turn,6,17,2,1,2,1,0,4,0,0,3,4,0
FS01442,78.75,8,V006-P016-C122-S000,22916,22932,46251,46283,17,674,17,41,humor_aside,inventory|explanation|character,6,25,3,2,2,2,2,4,0,3,3,0,4
FS01443,78.81,8,V006-P016-C122-S000,22933,22953,46285,46325,21,722,22,25.0,humor_aside,dialogue_scene|character|explanation,5,32,4,2,2,1,2,6,4,3,2,5,1
FS01444,78.86,8,V006-P016-C122-S000,22954,22969,46327,46357,16,749,18,40.0,humor_aside,closure|character|turn,8,31,3,0,2,1,1,8,4,3,6,2,1
FS01445,78.92,8,V006-P016-C122-S000,22970,22987,46359,46393,18,742,20,35.0,humor_aside,turn|dialogue_scene|explanation,4,28,1,2,3,0,3,12,1,2,0,4,0
FS01446,78.97,8,V006-P016-C122-S000,22988,23005,46395,46429,18,728,18,40.0,humor_aside,dialogue_scene|explanation|narration,3,29,0,2,2,1,3,12,3,1,0,4,1
FS01447,79.03,8,V006-P016-C122-S000,23006,23028,46431,46475,23,745,26,26.0,humor_aside,judgment|narration|closure,4,27,3,1,0,3,3,9,2,1,2,1,2
FS01448,79.08,8,V006-P016-C122-S000,23029,23049,46477,46517,21,754,21,33,judgment,turn|dialogue_scene|humor_aside,3,12,0,0,2,3,1,2,1,0,1,2,0
FS01449,79.14,8,V006-P016-C122-S000,23050,23064,46519,46550,15,483,17,27,dialogue_scene,humor_aside|judgment|character,0,11,1,0,0,1,0,2,2,1,1,2,1
FS01450,79.19,8,V006-P016-C123-S000,23065,23086,46552,46594,22,714,25,27,turn,dialogue_scene|closure|explanation,5,18,3,1,3,0,0,1,3,1,2,4,0
FS01451,79.25,8,V006-P016-C123-S000,23087,23104,46596,46630,18,726,20,38.5,humor_aside,turn|narration|dialogue_scene,6,21,2,0,2,1,3,6,2,1,1,2,1
FS01452,79.3,8,V006-P016-C123-S000,23105,23132,46632,46686,28,758,26,25.0,humor_aside,turn|character|dialogue_scene,3,16,1,1,2,0,1,4,2,2,1,2,0
FS01453,79.36,8,V006-P016-C123-S000,23133,23153,46688,46728,21,758,22,27.0,dialogue_scene,judgment|turn|humor_aside,2,16,0,1,2,2,2,2,2,1,0,4,0
FS01454,79.41,8,V006-P016-C123-S000,23154,23177,46730,46776,24,756,24,34.0,judgment,character|closure|narration,6,16,0,1,1,4,2,0,2,2,2,1,1
FS01455,79.46,8,V006-P016-C123-S000,23178,23210,46778,46842,33,751,31,23,turn,character|closure|narration,6,20,0,0,5,0,3,2,2,3,3,2,0
FS01456,79.52,8,V006-P016-C123-S000,23211,23234,46844,46890,24,734,23,33,narration,turn|closure|judgment,4,14,0,0,2,1,5,0,2,1,2,0,1
FS01457,79.57,8,V006-P016-C123-S000,23235,23257,46892,46936,23,719,23,30,dialogue_scene,humor_aside|narration|character,2,18,4,0,0,0,1,4,2,1,0,5,1
FS01458,79.63,8,V006-P016-C123-S000,23258,23279,46938,46980,22,754,22,30.5,dialogue_scene,humor_aside|narration|closure,3,21,4,0,0,1,3,4,3,0,2,4,0
FS01459,79.68,8,V006-P016-C123-S000,23280,23293,46982,47011,14,529,18,20.0,turn,humor_aside|narration|judgment,4,20,0,0,3,2,2,4,6,1,1,0,1
FS01460,79.74,8,V006-P016-C124-S000,23294,23315,47013,47055,22,749,22,31.5,humor_aside,judgment|turn|narration,2,28,2,0,3,3,1,10,6,0,1,0,2
FS01461,79.79,8,V006-P016-C124-S000,23316,23340,47057,47105,25,753,27,21,humor_aside,narration|character|turn,5,34,4,0,2,1,4,12,7,3,1,0,0
FS01462,79.85,8,V006-P016-C124-S000,23341,23362,47107,47149,22,735,24,27.5,humor_aside,narration|turn|character,2,28,1,1,2,1,6,8,3,2,2,2,0
FS01463,79.9,8,V006-P016-C124-S000,23363,23385,47151,47195,23,717,21,27,judgment,closure|turn|narration,4,21,3,0,2,3,4,2,1,2,3,0,1
FS01464,79.96,8,V006-P016-C124-S000,23386,23409,47197,47243,24,755,26,26.0,judgment,turn|humor_aside|narration,6,27,0,2,3,3,3,4,5,1,2,2,2
FS01465,80.01,8,V006-P016-C124-S000,23410,23431,47245,47287,22,712,26,26.5,turn,judgment|closure|narration,8,28,4,0,4,3,3,0,4,0,4,3,3
FS01466,80.07,9,V006-P016-C124-S000,23432,23453,47289,47331,22,723,22,28.5,narration,judgment|turn|closure,5,21,1,0,2,2,5,2,5,0,2,2,0
FS01467,80.12,9,V006-P016-C124-S000,23454,23472,47333,47369,19,733,20,37.5,humor_aside,dialogue_scene|explanation|judgment,4,23,4,2,1,2,1,6,2,0,0,4,1
FS01468,80.17,9,V006-P016-C124-S000,23473,23496,47371,47417,24,760,25,27,judgment,humor_aside|dialogue_scene|narration,6,44,4,1,1,8,2,8,9,2,2,6,1
FS01469,80.23,9,V006-P016-C124-S000,23497,23517,47419,47459,21,752,23,27,judgment,turn|humor_aside|narration,5,27,1,0,3,4,2,4,5,3,2,2,1
FS01470,80.28,9,V006-P016-C124-S000,23518,23538,47461,47501,21,740,23,29,dialogue_scene,judgment|turn|narration,8,39,10,2,3,4,2,2,5,2,1,6,2
FS01471,80.34,9,V006-P016-C124-S000,23539,23569,47503,47563,31,747,28,24.0,dialogue_scene,turn|humor_aside|narration,7,30,4,1,3,0,1,4,6,0,2,9,0
FS01472,80.39,9,V006-P016-C124-S000,23570,23589,47565,47608,20,500,21,23,narration,dialogue_scene|humor_aside|explanation,2,16,0,1,1,1,4,2,3,0,1,3,0
FS01473,80.45,9,V006-P017-C125-S000,23590,23614,47610,47658,25,760,27,28,turn,narration|humor_aside|dialogue_scene,6,29,4,0,5,0,3,4,6,2,2,3,0
FS01474,80.5,9,V006-P017-C125-S000,23615,23649,47660,47728,35,755,30,24.0,dialogue_scene,humor_aside|narration|judgment,5,34,3,0,2,2,3,6,7,1,0,9,1
FS01475,80.56,9,V006-P017-C125-S000,23650,23674,47730,47778,25,760,25,31,dialogue_scene,narration|character|closure,6,27,2,1,1,1,3,2,5,3,3,5,1
FS01476,80.61,9,V006-P017-C125-S000,23675,23704,47780,47838,30,760,30,23.5,dialogue_scene,judgment|turn|narration,10,37,4,2,4,6,3,0,4,0,1,13,0
FS01477,80.67,9,V006-P017-C125-S000,23705,23729,47840,47888,25,756,27,26,dialogue_scene,judgment|turn|character,6,26,2,1,4,4,3,0,1,2,1,8,0
FS01478,80.72,9,V006-P017-C125-S000,23730,23752,47890,47934,23,743,24,26.0,dialogue_scene,humor_aside|narration|explanation,4,23,3,1,0,0,2,6,4,0,0,6,1
FS01479,80.78,9,V006-P017-C125-S000,23753,23776,47936,47982,24,715,24,28.0,turn,closure|dialogue_scene|judgment,6,16,0,0,6,1,2,0,1,1,2,2,1
FS01480,80.83,9,V006-P017-C125-S000,23777,23803,47984,48036,27,732,25,34,closure,explanation|humor_aside|narration,10,44,12,3,2,2,4,5,5,2,5,4,0
FS01481,80.88,9,V006-P017-C125-S000,23804,23835,48038,48100,32,759,24,29.5,dialogue_scene,humor_aside|narration|turn,8,52,8,1,3,2,7,6,4,1,2,17,1
FS01482,80.94,9,V006-P017-C125-S000,23836,23848,48102,48131,13,511,15,31,humor_aside,narration|turn|character,3,19,0,0,2,1,3,4,5,2,2,0,0
FS01483,80.99,9,V006-P018-C126-S000,23849,23871,48133,48177,23,749,26,26.5,humor_aside,narration|closure|inventory,2,27,1,0,1,1,1,10,7,1,2,1,2
FS01484,81.05,9,V006-P018-C126-S000,23872,23894,48179,48223,23,758,24,23.5,explanation,dialogue_scene|narration|turn,7,38,3,5,3,2,4,4,8,0,2,6,1
FS01485,81.1,9,V006-P018-C126-S000,23895,23920,48225,48275,26,760,30,22.5,humor_aside,judgment|narration|explanation,4,21,0,1,1,3,2,6,5,1,2,0,0
FS01486,81.16,9,V006-P018-C126-S000,23921,23944,48277,48323,24,721,28,23.5,closure,narration|inventory|humor_aside,7,27,2,0,1,1,2,2,7,1,7,1,3
FS01487,81.21,9,V006-P018-C126-S000,23945,23964,48325,48363,20,689,26,25.0,humor_aside,judgment|closure|dialogue_scene,8,24,4,1,1,3,4,6,0,0,3,2,0
FS01488,81.27,9,V006-P018-C126-S000,23965,23985,48365,48405,21,739,22,31.5,inventory,dialogue_scene|narration|turn,2,16,0,0,1,0,3,0,2,0,1,4,5
FS01489,81.32,9,V006-P018-C126-S000,23986,24013,48407,48461,28,752,26,25.5,dialogue_scene,narration|closure|humor_aside,3,17,1,0,0,0,2,2,3,0,2,7,0
FS01490,81.38,9,V006-P018-C126-S000,24014,24037,48463,48509,24,753,28,24.5,turn,narration|dialogue_scene|judgment,8,30,5,0,6,2,8,2,1,1,0,4,1
FS01491,81.43,9,V006-P018-C126-S000,24038,24059,48511,48553,22,726,22,33.0,turn,judgment|character|closure,7,15,0,0,4,2,0,2,1,2,2,0,2
FS01492,81.49,9,V006-P018-C126-S000,24060,24087,48555,48609,28,759,32,23.5,humor_aside,character|judgment|turn,7,22,2,1,2,2,0,6,2,3,2,0,2
FS01493,81.54,9,V006-P018-C126-S000,24088,24110,48611,48655,23,744,24,28.5,narration,explanation|turn|character,4,18,1,2,2,1,1,0,6,2,1,2,0
FS01494,81.59,9,V006-P018-C126-S000,24111,24129,48657,48696,19,470,19,26,humor_aside,narration|turn,2,8,0,0,1,0,0,4,3,0,0,0,0
FS01495,81.65,9,V006-P018-C127-S000,24130,24148,48698,48734,19,753,25,28,humor_aside,narration|turn|closure,8,25,1,0,2,1,3,10,5,0,2,0,1
FS01496,81.7,9,V006-P018-C127-S000,24149,24170,48736,48778,22,722,26,23.5,dialogue_scene,narration|inventory|closure,4,26,1,1,1,1,1,2,8,1,2,5,3
FS01497,81.76,9,V006-P018-C127-S000,24171,24196,48780,48830,26,722,25,26,dialogue_scene,humor_aside|closure|judgment,5,34,1,0,1,2,1,8,5,2,5,8,1
FS01498,81.81,9,V006-P018-C127-S000,24197,24221,48832,48880,25,757,21,35,dialogue_scene,turn|narration|closure,3,35,7,0,2,0,1,0,3,0,1,21,0
FS01499,81.87,9,V006-P018-C127-S000,24222,24244,48882,48926,23,713,22,31.0,character,judgment|turn|dialogue_scene,7,26,1,1,3,4,4,0,1,6,0,4,2
FS01500,81.92,9,V006-P018-C127-S000,24245,24270,48928,48978,26,735,26,26.5,turn,humor_aside|dialogue_scene|narration,5,21,2,1,3,0,1,4,4,2,1,3,0
FS01501,81.98,9,V006-P018-C127-S000,24271,24288,48980,49014,18,738,26,22.0,humor_aside,judgment|character|narration,4,24,0,0,1,3,2,10,3,4,1,0,0
FS01502,82.03,9,V006-P018-C127-S000,24289,24310,49016,49058,22,749,26,31.0,narration,dialogue_scene|humor_aside|closure,2,30,6,0,1,1,2,4,8,0,3,4,1
FS01503,82.09,9,V006-P018-C127-S000,24311,24327,49060,49092,17,742,17,35,turn,judgment|narration|closure,10,20,1,1,4,3,4,2,1,1,2,1,0
FS01504,82.14,9,V006-P018-C127-S000,24328,24347,49094,49132,20,740,24,29.5,narration,explanation|closure|inventory,10,32,2,2,2,2,7,2,5,2,3,2,3
FS01505,82.2,9,V006-P018-C127-S000,24348,24365,49134,49168,18,735,20,38.0,humor_aside,explanation|judgment|turn,4,13,1,1,1,1,0,6,2,0,0,0,1
FS01506,82.25,9,V006-P018-C127-S000,24366,24385,49170,49208,20,749,25,25,closure,narration|turn|humor_aside,5,23,3,0,2,1,6,2,1,1,5,0,2
FS01507,82.3,9,V006-P018-C127-S000,24386,24405,49210,49248,20,752,22,29.0,turn,dialogue_scene|character|closure,7,28,13,1,3,1,1,0,1,2,2,4,0
FS01508,82.36,9,V006-P018-C127-S000,24406,24424,49250,49286,19,746,18,46.5,humor_aside,turn|closure|dialogue_scene,5,20,4,0,3,1,2,6,0,0,2,2,0
FS01509,82.41,9,V006-P018-C127-S000,24425,24443,49288,49324,19,710,23,25,humor_aside,judgment|character|inventory,4,34,3,0,2,3,3,10,5,4,0,0,4
FS01510,82.47,9,V006-P018-C127-S000,24444,24459,49326,49356,16,737,22,33.0,humor_aside,narration|turn|closure,8,25,3,1,2,1,4,8,2,1,2,0,1
FS01511,82.52,9,V006-P018-C127-S000,24460,24489,49358,49416,30,742,27,21,dialogue_scene,turn|narration,7,29,5,0,6,0,3,0,1,0,0,14,0
FS01512,82.58,9,V006-P018-C127-S000,24490,24513,49418,49464,24,739,22,33.5,dialogue_scene,humor_aside|explanation|judgment,4,21,0,2,1,2,2,4,2,0,2,6,0
FS01513,82.63,9,V006-P018-C127-S000,24514,24533,49466,49504,20,694,23,30,judgment,turn|narration|character,6,35,9,1,4,5,4,0,5,3,1,3,0
FS01514,82.69,9,V006-P018-C127-S000,24534,24553,49506,49544,20,724,19,35,closure,judgment|narration|explanation,2,20,6,1,1,2,3,1,3,0,3,0,0
FS01515,82.74,9,V006-P018-C127-S000,24554,24570,49546,49578,17,744,22,33.5,turn,narration|closure|explanation,7,13,0,1,4,1,4,0,1,0,2,0,0
FS01516,82.8,9,V006-P018-C127-S000,24571,24583,49580,49604,13,731,18,43.0,humor_aside,turn|judgment|character,4,20,3,0,4,2,0,8,2,1,0,0,0
FS01517,82.85,9,V006-P018-C127-S000,24584,24597,49606,49635,14,469,13,31,closure,judgment|humor_aside|narration,8,19,0,1,1,3,2,2,2,0,8,0,0
FS01518,82.91,9,V006-P018-C128-S000,24598,24613,49637,49667,16,725,19,40,narration,character|explanation|turn,4,23,2,1,2,1,0,2,9,4,2,0,0
FS01519,82.96,9,V006-P018-C128-S000,24614,24633,49669,49707,20,757,21,35,humor_aside,judgment|narration|turn,8,33,2,2,3,4,0,10,9,0,1,0,2
FS01520,83.01,9,V006-P018-C128-S000,24634,24648,49709,49737,15,704,18,34.0,humor_aside,character|turn|narration,1,18,0,0,2,0,3,4,2,3,0,2,2
FS01521,83.07,9,V006-P018-C128-S000,24649,24671,49739,49783,23,756,23,30,character,narration|closure|inventory,5,27,0,0,0,2,1,2,9,5,4,1,3
FS01522,83.12,9,V006-P018-C128-S000,24672,24689,49785,49819,18,748,19,36,character,judgment|narration|closure,3,25,2,0,0,4,2,2,6,6,2,1,0
FS01523,83.18,9,V006-P018-C128-S000,24690,24710,49821,49861,21,758,22,33.5,closure,dialogue_scene|inventory|judgment,6,25,3,1,1,2,0,2,2,2,6,3,3
FS01524,83.23,9,V006-P018-C129-S000,24711,24729,49866,49902,19,736,21,34,closure,explanation|humor_aside|judgment,5,23,2,3,0,2,3,4,3,0,5,0,1
FS01525,83.29,9,V006-P018-C129-S000,24730,24749,49904,49942,20,757,22,31.5,narration,humor_aside|judgment|character,1,18,1,0,0,1,3,4,6,1,1,0,1
FS01526,83.34,9,V006-P018-C129-S000,24750,24766,49944,49976,17,721,18,32.5,humor_aside,judgment|turn|character,7,23,0,0,3,4,4,8,0,2,0,0,2
FS01527,83.4,9,V006-P018-C129-S000,24767,24782,49978,50008,16,731,24,30.5,humor_aside,explanation|closure|dialogue_scene,11,32,1,3,2,2,2,8,3,2,5,3,1
FS01528,83.45,9,V006-P018-C129-S000,24783,24801,50010,50046,19,752,19,43,humor_aside,turn|explanation|judgment,6,16,4,1,2,1,2,4,0,0,1,1,0
FS01529,83.51,9,V006-P018-C129-S000,24802,24824,50048,50092,23,754,24,31.0,humor_aside,dialogue_scene|closure|narration,6,24,0,0,2,0,4,7,2,2,3,4,0
FS01530,83.56,9,V006-P018-C129-S000,24825,24841,50094,50126,17,745,19,33,judgment,character|closure|humor_aside,5,24,0,1,2,4,2,3,3,4,3,0,2
FS01531,83.62,9,V006-P018-C129-S000,24842,24861,50128,50166,20,745,21,34,dialogue_scene,turn|closure|humor_aside,6,39,7,1,4,1,2,4,4,2,4,7,3
FS01532,83.67,9,V006-P018-C129-S000,24862,24878,50168,50200,17,741,23,32,dialogue_scene,humor_aside|judgment|turn,2,22,0,1,2,2,0,4,5,2,1,4,1
FS01533,83.72,9,V006-P018-C129-S000,24879,24894,50202,50232,16,740,20,38.5,explanation,narration|dialogue_scene|character,3,25,4,3,1,0,3,0,6,2,1,4,1
FS01534,83.78,9,V006-P018-C129-S000,24895,24914,50234,50272,20,700,22,26.5,dialogue_scene,explanation|character|narration,5,25,4,3,1,1,1,0,4,3,0,6,2
FS01535,83.83,9,V006-P018-C129-S000,24915,24932,50274,50308,18,757,26,24.5,character,dialogue_scene|explanation|inventory,4,27,4,3,1,0,1,2,1,5,2,5,3
FS01536,83.89,9,V006-P018-C129-S000,24933,24955,50310,50354,23,754,29,26,turn,judgment|narration|closure,8,26,1,1,4,3,4,2,3,2,3,2,1
FS01537,83.94,9,V006-P018-C129-S000,24956,24976,50356,50396,21,760,28,22.5,narration,judgment|turn|dialogue_scene,7,25,3,0,3,3,2,0,10,1,0,2,1
FS01538,84.0,9,V006-P018-C129-S000,24977,24989,50398,50425,13,488,18,20.5,turn,narration|judgment|dialogue_scene,4,15,0,0,3,2,3,0,4,1,0,2,0
FS01539,84.05,9,V006-P018-C130-S000,24990,25004,50427,50455,15,735,25,24,explanation,closure|dialogue_scene|judgment,7,26,7,3,1,2,1,0,3,1,4,4,0
FS01540,84.11,9,V006-P018-C130-S000,25005,25023,50457,50493,19,756,21,36,judgment,explanation|closure|narration,4,16,3,2,1,3,0,0,3,1,2,0,1
FS01541,84.16,9,V006-P018-C130-S000,25024,25050,50495,50547,27,717,27,23,humor_aside,character|dialogue_scene|inventory,1,27,1,1,0,1,1,8,0,7,1,4,3
FS01542,84.22,9,V006-P018-C130-S000,25051,25067,50549,50581,17,724,19,35,humor_aside,dialogue_scene|explanation|judgment,2,34,0,3,0,1,1,14,2,1,1,10,1
FS01543,84.27,9,V006-P018-C130-S000,25068,25084,50583,50615,17,756,19,42,closure,judgment|narration|character,4,17,0,1,0,2,3,0,2,2,3,2,2
FS01544,84.33,9,V006-P018-C130-S000,25085,25102,50617,50651,18,735,21,29,judgment,turn|explanation|narration,5,14,0,1,2,4,2,1,1,1,1,0,1
FS01545,84.38,9,V006-P018-C130-S000,25103,25118,50653,50683,16,729,24,26.5,dialogue_scene,closure|narration|turn,6,24,2,1,2,1,3,2,3,0,3,5,2
FS01546,84.43,9,V006-P018-C130-S000,25119,25139,50685,50725,21,749,26,27.5,judgment,turn|closure|humor_aside,5,11,0,0,2,2,2,2,0,0,2,1,0
FS01547,84.49,9,V006-P018-C130-S000,25140,25163,50727,50773,24,760,29,26,character,dialogue_scene|explanation|closure,3,25,5,2,1,1,0,2,3,4,2,4,1
FS01548,84.54,9,V006-P018-C130-S000,25164,25184,50775,50815,21,724,25,25,character,narration|judgment|turn,3,21,6,0,1,1,4,0,3,5,0,1,0
FS01549,84.6,9,V006-P018-C130-S000,25185,25202,50817,50851,18,684,20,30.5,character,dialogue_scene|narration|explanation,2,25,7,1,1,1,1,0,3,5,1,5,0
FS01550,84.65,9,V006-P018-C130-S000,25203,25214,50853,50878,12,480,13,35,narration,humor_aside|character|inventory,0,14,3,0,0,0,5,2,2,1,0,0,1
FS01551,84.71,9,V006-P018-C131-S000,25215,25237,50880,50924,23,758,26,29.0,narration,turn|character|closure,7,28,0,0,3,1,5,2,12,2,2,0,1
FS01552,84.76,9,V006-P018-C131-S000,25238,25252,50926,50954,15,758,19,39,narration,inventory|turn,2,17,3,0,1,0,2,0,9,0,0,0,2
FS01553,84.82,9,V006-P018-C131-S000,25253,25271,50956,50992,19,726,24,30.5,narration,humor_aside|explanation|turn,3,23,0,2,2,0,0,4,12,0,1,1,1
FS01554,84.87,9,V006-P018-C131-S000,25272,25292,50994,51034,21,731,24,30.0,narration,explanation|judgment|turn,6,28,4,3,2,2,0,0,13,1,1,2,0
FS01555,84.93,9,V006-P018-C131-S000,25293,25314,51036,51078,22,695,21,32,dialogue_scene,narration|judgment|turn,3,18,1,0,1,1,4,0,4,0,0,7,0
FS01556,84.98,9,V006-P018-C131-S000,25315,25336,51080,51122,22,752,23,27,narration,humor_aside|closure|dialogue_scene,5,33,2,1,1,0,3,6,15,0,3,2,0
FS01557,85.04,9,V006-P018-C131-S000,25337,25356,51124,51162,20,708,21,31,character,judgment|narration|closure,3,15,0,0,1,2,2,1,3,3,2,0,1
FS01558,85.09,9,V006-P018-C131-S000,25357,25380,51164,51210,24,759,21,30,dialogue_scene,closure|inventory|turn,4,34,3,1,2,1,2,2,3,1,3,13,3
FS01559,85.14,9,V006-P018-C131-S000,25381,25411,51212,51272,31,731,25,26,dialogue_scene,character|humor_aside|explanation,2,37,5,1,0,1,0,2,1,2,1,23,1
FS01560,85.2,9,V006-P018-C131-S000,25412,25434,51274,51318,23,703,26,25.5,turn,closure|character|dialogue_scene,6,17,0,1,3,1,1,2,1,2,4,2,0
FS01561,85.25,9,V006-P018-C131-S000,25435,25459,51320,51368,25,758,28,24.0,humor_aside,turn|explanation|judgment,4,10,0,1,2,1,1,4,0,0,1,0,0
FS01562,85.31,9,V006-P018-C131-S000,25460,25476,51370,51405,17,461,18,24.5,dialogue_scene,closure|narration,0,5,1,0,0,0,0,0,0,0,1,3,0
FS01563,85.36,9,V006-P018-C132-S000,25477,25503,51407,51459,27,736,28,25.5,humor_aside,dialogue_scene|judgment|closure,1,25,4,0,0,1,1,12,0,0,1,6,0
FS01564,85.42,9,V006-P018-C132-S000,25504,25523,51461,51499,20,760,22,34.5,dialogue_scene,closure|turn|explanation,6,24,5,1,2,1,1,0,0,1,3,9,1
FS01565,85.47,9,V006-P018-C132-S000,25524,25551,51501,51555,28,742,29,21,dialogue_scene,turn|humor_aside|character,5,26,2,1,3,0,2,4,0,2,1,10,1
FS01566,85.53,9,V006-P018-C132-S000,25552,25577,51557,51607,26,747,23,31,dialogue_scene,humor_aside|closure|inventory,3,31,4,0,1,0,2,6,1,0,3,12,2
FS01567,85.58,9,V006-P018-C132-S000,25578,25598,51609,51649,21,739,21,31,closure,dialogue_scene|explanation|narration,6,12,1,1,0,0,1,0,1,0,4,4,0
FS01568,85.64,9,V006-P018-C132-S000,25599,25624,51651,51701,26,751,24,30.0,dialogue_scene,turn|humor_aside|closure,7,27,3,1,4,0,3,4,0,0,2,8,2
FS01569,85.69,9,V006-P018-C132-S000,25625,25641,51703,51735,17,758,22,32.0,humor_aside,explanation|turn|narration,2,7,2,1,1,0,1,2,0,0,0,0,0
FS01570,85.75,9,V006-P018-C132-S000,25642,25669,51737,51791,28,734,26,23.5,dialogue_scene,closure|inventory|explanation,3,12,0,1,0,0,0,0,1,0,2,6,2
FS01571,85.8,9,V006-P018-C132-S000,25670,25686,51793,51828,17,462,16,26.5,dialogue_scene,explanation|judgment|narration,4,17,2,1,1,1,0,0,3,1,1,7,0
FS01572,85.85,9,V006-P018-C133-S000,25687,25705,51830,51866,19,739,20,32.5,humor_aside,narration|dialogue_scene|explanation,5,26,0,1,1,1,0,6,11,0,1,4,1
FS01573,85.91,9,V006-P018-C133-S000,25706,25727,51868,51910,22,745,23,27,closure,turn|character|dialogue_scene,14,27,0,0,4,1,2,0,4,4,7,3,2
FS01574,85.96,9,V006-P018-C133-S000,25728,25751,51912,51958,24,748,24,26.0,explanation,humor_aside|dialogue_scene|judgment,2,22,1,3,1,2,0,4,6,1,0,3,1
FS01575,86.02,9,V006-P018-C133-S000,25752,25776,51960,52008,25,758,28,24.5,humor_aside,judgment|character|dialogue_scene,3,18,1,0,1,2,2,4,2,2,1,2,1
FS01576,86.07,9,V006-P018-C133-S000,25777,25801,52010,52058,25,750,26,21.0,humor_aside,turn|character|dialogue_scene,2,18,0,1,2,0,4,6,0,2,0,2,1
FS01577,86.13,9,V006-P018-C133-S000,25802,25817,52060,52090,16,680,17,35,humor_aside,explanation|narration|turn,5,19,0,2,1,0,3,10,0,1,0,1,1
FS01578,86.18,9,V006-P018-C133-S000,25818,25834,52092,52124,17,737,21,34,narration,judgment|closure|dialogue_scene,2,28,5,0,0,2,5,0,9,1,2,2,2
FS01579,86.24,9,V006-P018-C133-S000,25835,25860,52126,52176,26,746,27,26,dialogue_scene,explanation|turn|closure,6,22,3,3,3,0,1,2,2,0,2,6,0
FS01580,86.29,9,V006-P018-C133-S000,25861,25883,52178,52222,23,760,24,27.0,turn,narration|dialogue_scene|judgment,7,32,1,0,5,3,5,4,6,0,3,5,0
FS01581,86.35,9,V006-P018-C133-S000,25884,25899,52224,52254,16,535,14,38.0,dialogue_scene,turn|humor_aside|narration,3,20,4,0,3,0,3,2,1,0,0,6,1
FS01582,86.4,9,V006-P018-C134-S000,25900,25919,52259,52297,20,734,20,32.5,explanation,humor_aside|inventory|narration,1,17,7,2,0,0,2,2,2,0,0,0,2
FS01583,86.46,9,V006-P018-C134-S000,25920,25937,52299,52333,18,755,22,30.5,dialogue_scene,humor_aside|character|closure,1,19,1,1,0,1,0,4,1,3,2,5,1
FS01584,86.51,9,V006-P018-C134-S000,25938,25959,52335,52377,22,735,24,29.5,turn,dialogue_scene|judgment|humor_aside,5,22,1,1,5,2,1,2,2,0,1,5,2
FS01585,86.56,9,V006-P018-C134-S000,25960,25981,52379,52421,22,748,21,34,dialogue_scene,turn|character|humor_aside,3,24,1,0,3,1,1,2,0,4,1,10,1
FS01586,86.62,9,V006-P018-C134-S000,25982,25998,52423,52455,17,752,19,38,character,explanation|turn|closure,9,23,1,4,3,0,1,2,1,7,2,2,0
FS01587,86.67,9,V006-P018-C134-S000,25999,26017,52457,52493,19,752,19,40,turn,closure|humor_aside|narration,5,20,0,0,3,1,3,4,2,0,4,2,1
FS01588,86.73,9,V006-P018-C134-S000,26018,26040,52495,52539,23,720,25,25,turn,closure|dialogue_scene|narration,5,12,1,0,3,0,4,0,0,0,2,2,0
FS01589,86.78,9,V006-P018-C134-S000,26041,26062,52541,52583,22,740,21,31,turn,narration|character|closure,7,16,0,0,4,0,5,0,2,2,2,0,1
FS01590,86.84,9,V006-P018-C134-S000,26063,26078,52585,52618,16,476,16,30.0,character,turn|narration|humor_aside,3,17,2,0,2,1,3,2,2,4,1,0,0
FS01591,86.89,9,V006-P018-C135-S000,26079,26098,52620,52658,20,748,20,36.0,turn,closure|dialogue_scene|narration,6,21,4,0,3,0,4,0,1,0,4,4,1
FS01592,86.95,9,V006-P018-C135-S000,26099,26115,52660,52692,17,743,17,41,humor_aside,dialogue_scene|closure|narration,4,21,1,0,1,0,2,8,1,0,3,4,1
FS01593,87.0,9,V006-P018-C135-S000,26116,26137,52694,52736,22,753,20,41.0,dialogue_scene,turn|humor_aside|inventory,2,27,2,0,3,2,2,4,2,1,2,6,3
FS01594,87.06,9,V006-P018-C135-S000,26138,26151,52738,52771,14,473,14,26.0,judgment,turn|dialogue_scene|narration,3,12,0,0,2,3,3,0,1,1,0,2,0
FS01595,87.11,9,V007-P019-C136-S000,26152,26171,52773,52811,20,730,21,36,humor_aside,turn|closure|narration,5,12,0,0,2,0,0,6,2,0,2,0,0
FS01596,87.17,9,V007-P019-C136-S000,26172,26193,52813,52855,22,739,22,30.0,humor_aside,closure|explanation|turn,5,24,3,2,2,1,0,4,4,2,3,2,1
FS01597,87.22,9,V007-P019-C136-S000,26194,26212,52857,52893,19,741,20,38.0,humor_aside,closure|dialogue_scene|narration,3,14,1,0,0,0,1,6,0,0,4,2,0
FS01598,87.27,9,V007-P019-C136-S000,26213,26233,52895,52935,21,755,23,31,humor_aside,turn|narration|closure,9,37,7,1,3,0,3,12,5,0,3,2,1
FS01599,87.33,9,V007-P019-C136-S000,26234,26252,52937,52973,19,746,21,33,turn,closure|humor_aside|explanation,5,16,4,1,3,0,2,2,0,1,2,0,1
FS01600,87.38,9,V007-P019-C136-S000,26253,26274,52975,53017,22,750,20,31.0,turn,inventory|dialogue_scene|humor_aside,7,29,6,0,5,1,3,4,1,0,0,4,5
FS01601,87.44,9,V007-P019-C136-S000,26275,26291,53019,53051,17,731,19,36,turn,explanation|closure|humor_aside,9,24,6,3,8,1,1,2,0,0,3,0,0
FS01602,87.49,9,V007-P019-C136-S000,26292,26314,53053,53097,23,749,22,28.5,turn,closure|dialogue_scene|humor_aside,7,23,4,0,3,1,2,2,1,0,4,4,2
FS01603,87.55,9,V007-P019-C136-S000,26315,26328,53099,53128,14,467,15,26,turn,judgment|character|inventory,2,7,0,0,2,1,2,0,0,1,0,0,1
FS01604,87.6,9,V007-P019-C137-S000,26329,26350,53130,53172,22,753,22,29.0,explanation,character|humor_aside|turn,7,21,1,3,2,1,2,3,2,3,1,2,1
FS01605,87.66,9,V007-P019-C137-S000,26351,26367,53174,53206,17,760,19,33,turn,dialogue_scene|humor_aside|closure,5,20,0,1,3,0,2,4,1,1,3,4,1
FS01606,87.71,9,V007-P019-C137-S000,26368,26386,53208,53244,19,757,19,38,turn,judgment|humor_aside|character,4,10,0,0,3,2,2,2,0,1,0,0,0
FS01607,87.77,9,V007-P019-C137-S000,26387,26408,53246,53288,22,744,25,23,closure,turn|dialogue_scene|humor_aside,3,12,0,0,2,1,1,2,0,0,3,2,1
FS01608,87.82,9,V007-P019-C137-S000,26409,26429,53290,53330,21,742,24,24.0,humor_aside,dialogue_scene|judgment|narration,3,36,3,1,0,3,1,9,6,1,3,8,1
FS01609,87.88,9,V007-P019-C137-S000,26430,26445,53332,53362,16,729,18,38.0,humor_aside,judgment|turn|explanation,4,23,0,1,2,2,2,10,2,1,1,2,0
FS01610,87.93,9,V007-P019-C137-S000,26446,26465,53364,53402,20,744,20,37.0,inventory,dialogue_scene|humor_aside|narration,1,17,1,0,1,1,1,2,3,1,0,3,4
FS01611,87.98,9,V007-P019-C137-S000,26466,26483,53404,53438,18,691,12,48.0,turn,dialogue_scene|inventory|narration,6,20,0,0,3,0,2,1,3,2,2,4,3
FS01612,88.04,9,V007-P019-C137-S000,26484,26500,53440,53472,17,727,20,34.5,humor_aside,explanation|dialogue_scene|inventory,3,19,1,2,1,1,1,6,1,1,1,2,2
FS01613,88.09,9,V007-P019-C137-S000,26501,26525,53474,53522,25,751,26,29.5,turn,humor_aside|narration|closure,4,21,3,0,4,0,0,4,7,1,2,0,0
FS01614,88.15,9,V007-P019-C137-S000,26526,26545,53524,53562,20,727,21,37,narration,turn|explanation|judgment,5,26,0,2,3,2,0,2,11,0,2,2,2
FS01615,88.2,9,V007-P019-C137-S000,26546,26566,53564,53604,21,721,21,37,narration,turn|character|closure,5,29,0,0,3,1,2,2,14,3,2,1,1
FS01616,88.26,9,V007-P019-C137-S000,26567,26593,53606,53658,27,740,25,30,dialogue_scene,turn|narration|humor_aside,5,31,3,0,4,1,2,4,8,1,0,7,1
FS01617,88.31,9,V007-P019-C137-S000,26594,26616,53660,53704,23,715,23,30,narration,turn|closure|explanation,6,25,0,1,5,1,4,0,11,0,2,0,1
FS01618,88.37,9,V007-P019-C137-S000,26617,26642,53706,53756,26,726,24,27.0,narration,dialogue_scene|humor_aside|turn,5,42,7,1,2,1,5,3,13,1,2,6,1
FS01619,88.42,9,V007-P019-C137-S000,26643,26665,53758,53807,23,486,22,21.5,dialogue_scene,judgment|narration|explanation,2,27,3,1,1,4,2,0,5,0,1,9,1
FS01620,88.48,9,V007-P020-C138-S000,26666,26695,53809,53867,30,740,27,26,dialogue_scene,inventory|humor_aside|narration,3,40,1,0,0,2,1,6,7,2,2,10,9
FS01621,88.53,9,V007-P020-C138-S000,26696,26721,53869,53919,26,754,29,21,judgment,explanation|dialogue_scene|humor_aside,5,32,2,3,1,6,1,4,6,2,3,4,0
FS01622,88.59,9,V007-P020-C138-S000,26722,26747,53921,53971,26,719,27,25,judgment,narration|humor_aside|turn,5,20,0,1,2,3,4,3,4,2,1,0,0
FS01623,88.64,9,V007-P020-C138-S000,26748,26769,53973,54015,22,728,24,26.5,narration,humor_aside|judgment|turn,7,28,0,1,2,3,6,5,6,0,1,2,2
FS01624,88.69,9,V007-P020-C138-S000,26770,26788,54017,54053,19,751,21,32,narration,judgment|turn|dialogue_scene,2,25,0,1,2,2,2,2,13,0,0,2,1
FS01625,88.75,9,V007-P020-C138-S000,26789,26807,54055,54091,19,748,22,26.5,character,narration|humor_aside|judgment,3,21,1,0,2,2,3,3,5,4,1,0,0
FS01626,88.8,9,V007-P020-C138-S000,26808,26831,54093,54139,24,730,22,26.0,turn,closure|narration|explanation,3,15,8,0,2,0,1,0,2,0,2,0,0
FS01627,88.86,9,V007-P020-C138-S000,26832,26855,54141,54187,24,753,24,31.0,humor_aside,dialogue_scene|judgment|explanation,3,22,2,1,1,3,2,6,1,0,1,5,0
FS01628,88.91,9,V007-P020-C138-S000,26856,26872,54189,54224,17,477,17,24,narration,judgment|turn|closure,3,13,1,0,2,2,2,0,5,0,1,0,0
FS01629,88.97,9,V007-P020-C139-S000,26873,26898,54226,54276,26,748,29,23,turn,narration|character|explanation,7,20,2,1,4,1,3,0,5,2,1,1,0
FS01630,89.02,9,V007-P020-C139-S000,26899,26925,54278,54330,27,647,27,22,dialogue_scene,turn|humor_aside|inventory,4,17,0,0,2,0,2,2,1,0,1,7,2
FS01631,89.08,9,V007-P020-C139-S000,26926,26948,54332,54376,23,709,24,24.0,humor_aside,judgment|narration|dialogue_scene,1,17,0,1,0,2,2,5,4,0,0,2,1
FS01632,89.13,9,V007-P020-C139-S000,26949,26972,54378,54424,24,741,26,22.5,narration,turn|dialogue_scene|explanation,5,29,4,2,3,0,4,2,7,1,1,4,1
FS01633,89.19,9,V007-P020-C139-S000,26973,27019,54426,54518,47,755,41,12,narration,turn|explanation,4,10,1,1,2,0,2,0,4,0,0,0,0
FS01634,89.24,9,V007-P020-C139-S000,27020,27049,54520,54578,30,715,31,24,humor_aside,turn|character|inventory,2,12,0,0,2,0,1,3,1,2,1,0,2
FS01635,89.3,9,V007-P020-C139-S000,27050,27074,54580,54628,25,740,25,22,turn,judgment|narration|dialogue_scene,6,22,2,1,4,2,4,2,2,0,1,2,2
FS01636,89.35,9,V007-P020-C139-S000,27075,27089,54630,54658,15,703,18,31.5,explanation,turn|narration|humor_aside,3,20,7,2,2,1,2,2,3,0,1,0,0
FS01637,89.4,9,V007-P020-C139-S000,27090,27101,54660,54685,12,461,14,32.5,humor_aside,explanation|inventory|narration,1,10,2,1,0,0,1,5,0,0,0,0,1
FS01638,89.46,9,V007-P020-C140-S000,27102,27122,54687,54727,21,739,22,28.5,humor_aside,closure|dialogue_scene|judgment,6,24,1,1,0,2,1,6,4,0,5,3,1
FS01639,89.51,9,V007-P020-C140-S000,27123,27144,54729,54771,22,690,22,25.5,dialogue_scene,closure|humor_aside|explanation,2,14,1,1,1,0,0,2,1,0,2,6,0
FS01640,89.57,9,V007-P020-C140-S000,27145,27177,54773,54837,33,756,38,17.0,dialogue_scene,turn|humor_aside|narration,3,23,2,0,3,0,0,2,4,0,0,11,1
FS01641,89.62,9,V007-P020-C140-S000,27178,27196,54839,54875,19,731,20,31.5,humor_aside,turn|narration|explanation,5,42,4,1,5,0,4,24,3,0,1,0,0
FS01642,89.68,9,V007-P020-C140-S000,27197,27214,54877,54911,18,702,19,34,dialogue_scene,explanation|narration|closure,3,17,0,2,1,0,2,0,3,0,2,6,1
FS01643,89.73,9,V007-P020-C140-S000,27215,27237,54913,54957,23,737,23,28,turn,closure|dialogue_scene|narration,6,19,6,1,3,1,4,0,0,0,2,2,0
FS01644,89.79,9,V007-P020-C140-S000,27238,27256,54959,54995,19,754,21,30,character,dialogue_scene|humor_aside|explanation,1,20,1,2,1,1,1,4,0,4,2,4,0
FS01645,89.84,9,V007-P020-C140-S000,27257,27272,54997,55030,16,465,18,25.0,humor_aside,judgment|inventory|narration,1,15,1,0,1,2,2,4,1,1,0,1,2
FS01646,89.9,9,V007-P020-C141-S000,27273,27295,55032,55076,23,753,23,31,humor_aside,explanation|narration|character,5,24,1,4,0,0,3,8,4,2,1,0,1
FS01647,89.95,9,V007-P020-C141-S000,27296,27317,55078,55120,22,749,23,28,humor_aside,narration|explanation|judgment,2,23,0,2,1,2,3,6,4,2,0,2,1
FS01648,90.01,9,V007-P020-C141-S000,27318,27346,55122,55178,29,694,29,21,dialogue_scene,narration|turn|explanation,3,22,4,1,2,1,3,2,3,0,1,4,1
FS01649,90.06,10,V007-P020-C141-S000,27347,27364,55180,55214,18,756,18,44.5,explanation,dialogue_scene|humor_aside|inventory,2,24,8,3,1,1,1,2,3,0,0,3,2
FS01650,90.11,10,V007-P020-C141-S000,27365,27391,55216,55268,27,738,28,23.0,humor_aside,dialogue_scene|explanation|turn,4,17,1,2,2,0,2,6,0,0,0,4,0
FS01651,90.17,10,V007-P020-C141-S000,27392,27411,55270,55308,20,722,20,33.0,closure,dialogue_scene|explanation|judgment,5,9,0,1,0,1,1,0,2,0,2,2,0
FS01652,90.22,10,V007-P020-C141-S000,27412,27436,55310,55358,25,755,24,29.0,dialogue_scene,humor_aside|turn|explanation,5,29,2,2,4,2,3,6,4,0,0,6,0
FS01653,90.28,10,V007-P020-C141-S000,27437,27462,55360,55410,26,728,25,31,turn,humor_aside|dialogue_scene|closure,8,27,1,0,5,0,4,6,0,0,3,5,3
FS01654,90.33,10,V007-P020-C141-S000,27463,27500,55412,55486,38,753,29,24,dialogue_scene,closure|character|humor_aside,1,52,18,1,0,0,1,2,1,2,3,24,0
FS01655,90.39,10,V007-P020-C141-S000,27501,27524,55488,55534,24,756,23,32,turn,dialogue_scene|explanation|narration,6,38,7,3,7,1,3,0,7,0,0,8,2
FS01656,90.44,10,V007-P020-C141-S000,27525,27546,55536,55578,22,735,22,32.0,explanation,closure|narration|dialogue_scene,7,24,1,5,2,1,0,0,7,0,4,3,1
FS01657,90.5,10,V007-P020-C141-S000,27547,27561,55580,55608,15,745,22,27.5,dialogue_scene,humor_aside|narration|inventory,5,23,4,1,1,1,5,4,0,0,1,4,2
FS01658,90.55,10,V007-P020-C141-S000,27562,27577,55610,55643,16,490,18,29.0,judgment,closure|turn|narration,6,22,4,1,2,3,1,2,4,1,4,0,0
FS01659,90.61,10,V007-P020-C142-S000,27578,27596,55645,55681,19,753,19,37,narration,humor_aside|explanation|judgment,4,47,13,2,2,2,0,6,19,0,1,0,2
FS01660,90.66,10,V007-P020-C142-S000,27597,27617,55683,55723,21,736,22,31.0,judgment,narration|closure|dialogue_scene,2,29,6,0,2,3,1,2,7,0,3,3,2
FS01661,90.72,10,V007-P020-C142-S000,27618,27640,55725,55769,23,735,23,32,humor_aside,turn|character|narration,4,16,0,0,3,0,2,6,2,2,1,0,0
FS01662,90.77,10,V007-P020-C142-S000,27641,27660,55771,55809,20,751,22,25.5,dialogue_scene,explanation|humor_aside|judgment,5,25,1,3,1,2,2,4,3,1,2,6,0
FS01663,90.82,10,V007-P020-C142-S000,27661,27687,55811,55863,27,743,27,22,judgment,turn|narration|dialogue_scene,5,22,0,0,3,4,3,2,4,1,2,3,0
FS01664,90.88,10,V007-P020-C142-S000,27688,27708,55865,55905,21,727,22,28.5,narration,turn|closure|judgment,4,26,9,0,3,1,5,0,5,0,3,0,0
FS01665,90.93,10,V007-P020-C142-S000,27709,27733,55907,55955,25,728,26,25.5,narration,turn|closure|humor_aside,10,31,2,2,4,1,3,4,10,1,4,0,0
FS01666,90.99,10,V007-P020-C142-S000,27734,27750,55957,55989,17,738,18,34.5,judgment,explanation|narration|turn,9,30,5,4,3,5,3,2,6,0,1,1,0
FS01667,91.04,10,V007-P020-C142-S000,27751,27781,55991,56051,31,758,32,18.5,closure,narration|judgment|turn,5,25,4,0,2,2,3,2,5,1,4,2,0
FS01668,91.1,10,V007-P020-C142-S000,27782,27802,56053,56093,21,751,25,29,turn,dialogue_scene|humor_aside|inventory,1,16,1,1,2,1,1,2,3,0,1,2,2
FS01669,91.15,10,V007-P020-C142-S000,27803,27817,56095,56123,15,719,16,40.5,humor_aside,dialogue_scene|closure|explanation,2,31,0,3,1,0,4,8,2,2,5,6,0
FS01670,91.21,10,V007-P020-C142-S000,27818,27832,56125,56153,15,463,17,28,judgment,closure|humor_aside|explanation,2,15,1,1,1,3,2,2,1,0,4,0,0
FS01671,91.26,10,V007-P020-C143-S000,27833,27855,56158,56202,23,717,27,27,explanation,humor_aside|inventory|closure,5,20,4,2,1,1,0,4,1,1,2,0,4
FS01672,91.32,10,V007-P020-C143-S000,27856,27891,56204,56274,36,755,36,18.5,dialogue_scene,inventory|explanation|judgment,3,41,3,2,0,2,2,2,1,1,1,21,6
FS01673,91.37,10,V007-P020-C143-S000,27892,27917,56276,56326,26,742,27,23,dialogue_scene,closure|narration|character,2,24,3,0,0,0,1,2,4,2,3,9,0
FS01674,91.43,10,V007-P020-C143-S000,27918,27937,56328,56366,20,708,19,32,dialogue_scene,narration|turn|character,2,25,5,0,2,1,4,0,6,2,0,5,0
FS01675,91.48,10,V007-P020-C143-S000,27938,27955,56368,56402,18,731,21,37,turn,narration|closure|dialogue_scene,4,20,4,0,3,0,2,0,4,1,2,2,2
FS01676,91.53,10,V007-P020-C143-S000,27956,27976,56404,56444,21,746,21,34,closure,narration|inventory|dialogue_scene,2,21,0,0,1,1,5,2,2,0,5,2,3
FS01677,91.59,10,V007-P020-C143-S000,27977,28005,56446,56502,29,741,28,23.5,explanation,humor_aside|judgment|closure,6,18,2,3,0,2,2,4,1,0,2,0,2
FS01678,91.64,10,V007-P020-C143-S000,28006,28023,56504,56538,18,743,20,35.0,narration,closure|turn|explanation,7,20,0,1,2,1,4,1,6,0,4,0,1
FS01679,91.7,10,V007-P020-C143-S000,28024,28046,56540,56584,23,744,26,26.5,explanation,closure|dialogue_scene|judgment,7,14,2,3,1,1,2,0,0,0,3,2,0
FS01680,91.75,10,V007-P020-C143-S000,28047,28069,56586,56630,23,711,26,23.5,humor_aside,narration|turn|closure,2,27,0,1,2,1,2,12,5,0,2,1,1
FS01681,91.81,10,V007-P020-C143-S000,28070,28086,56632,56664,17,730,24,28.0,judgment,closure|dialogue_scene|humor_aside,8,27,0,1,1,5,0,4,4,2,4,4,2
FS01682,91.86,10,V007-P020-C143-S000,28087,28116,56666,56724,30,738,30,16.5,judgment,character|dialogue_scene|inventory,2,21,1,0,1,3,2,2,1,3,2,3,3
FS01683,91.92,10,V007-P020-C143-S000,28117,28131,56726,56757,15,537,21,21,narration,judgment|inventory|explanation,4,23,0,1,1,4,1,0,12,0,1,1,2
FS01684,91.97,10,V007-P020-C144-S000,28132,28150,56759,56795,19,741,25,29,explanation,narration|humor_aside|closure,5,35,0,5,1,1,4,6,13,0,3,0,2
FS01685,92.03,10,V007-P020-C144-S000,28151,28175,56797,56845,25,747,23,28,closure,dialogue_scene|judgment|narration,13,39,6,1,1,3,2,2,5,1,10,8,0
FS01686,92.08,10,V007-P020-C144-S000,28176,28196,56847,56887,21,697,20,26.0,closure,humor_aside|explanation|judgment,8,20,0,2,0,2,0,4,6,0,6,0,0
FS01687,92.14,10,V007-P020-C144-S000,28197,28216,56889,56927,20,749,20,32.0,judgment,character|closure|narration,5,28,6,1,0,5,1,1,4,5,3,1,1
FS01688,92.19,10,V007-P020-C144-S000,28217,28231,56929,56957,15,749,20,37.5,narration,humor_aside|dialogue_scene|explanation,1,25,7,1,0,0,3,4,6,0,0,3,1
FS01689,92.24,10,V007-P020-C144-S000,28232,28254,56959,57003,23,759,25,26,closure,humor_aside|narration|character,4,21,1,0,0,0,2,4,5,3,5,0,1
FS01690,92.3,10,V007-P020-C144-S000,28255,28272,57005,57039,18,671,20,32.0,closure,humor_aside|narration|judgment,7,17,0,0,1,1,3,5,1,0,5,0,1
FS01691,92.35,10,V007-P020-C144-S000,28273,28290,57041,57075,18,733,22,33.5,judgment,turn|closure|inventory,8,19,1,0,3,3,1,0,4,0,4,0,3
FS01692,92.41,10,V007-P020-C144-S000,28291,28313,57077,57121,23,756,24,30.5,closure,inventory|turn|narration,3,15,1,0,2,1,1,0,4,0,3,0,3
FS01693,92.46,10,V007-P020-C144-S000,28314,28333,57123,57161,20,742,25,26,humor_aside,turn|inventory|judgment,7,21,2,0,4,1,2,6,1,0,1,0,4
FS01694,92.52,10,V007-P020-C144-S000,28334,28357,57163,57209,24,735,27,21,judgment,narration|turn|character,6,25,0,1,3,3,4,2,5,3,2,0,2
FS01695,92.57,10,V007-P020-C144-S000,28358,28386,57211,57270,29,460,25,12,dialogue_scene,humor_aside|closure|inventory,1,24,1,0,0,0,0,7,2,0,1,12,1
FS01696,92.63,10,V007-P020-C145-S000,28387,28429,57272,57356,43,741,44,15.0,dialogue_scene,inventory|closure|turn,6,25,4,0,2,0,2,2,2,0,3,6,4
FS01697,92.68,10,V007-P020-C145-S000,28430,28449,57358,57396,20,709,20,34.5,explanation,judgment|narration|closure,9,24,2,4,1,3,4,0,5,0,4,0,1
FS01698,92.74,10,V007-P020-C145-S000,28450,28472,57398,57442,23,757,29,26,explanation,judgment|turn|narration,8,32,8,5,3,3,1,2,4,1,1,2,2
FS01699,92.79,10,V007-P020-C145-S000,28473,28501,57444,57500,29,747,29,22,turn,inventory|explanation|narration,5,29,0,3,5,2,2,0,6,0,3,3,5
FS01700,92.85,10,V007-P020-C145-S000,28502,28516,57502,57530,15,702,27,24,humor_aside,narration|closure|explanation,5,23,3,1,0,1,1,6,8,0,2,0,1
FS01701,92.9,10,V007-P020-C145-S000,28517,28538,57532,57574,22,746,25,26,narration,turn|explanation|closure,6,24,2,2,3,0,4,2,7,0,2,2,0
FS01702,92.95,10,V007-P020-C145-S000,28539,28563,57576,57624,25,734,27,26,explanation,judgment|closure|humor_aside,8,29,5,5,1,3,0,4,5,0,4,2,0
FS01703,93.01,10,V007-P020-C145-S000,28564,28582,57626,57662,19,665,21,25,humor_aside,closure|dialogue_scene|explanation,5,16,1,1,1,1,0,5,2,0,3,2,0
FS01704,93.06,10,V007-P020-C146-S000,28583,28607,57667,57715,25,740,26,25.5,closure,explanation|narration|dialogue_scene,5,17,2,2,1,0,2,2,3,0,3,2,0
FS01705,93.12,10,V007-P020-C146-S000,28608,28632,57717,57765,25,739,25,25,dialogue_scene,turn|narration|humor_aside,3,18,2,1,2,1,2,2,3,0,1,4,0
FS01706,93.17,10,V007-P020-C146-S000,28633,28652,57767,57805,20,726,22,28.0,humor_aside,turn|character|dialogue_scene,5,25,0,1,4,1,0,6,2,3,2,3,3
FS01707,93.23,10,V007-P020-C146-S000,28653,28680,57807,57861,28,757,30,22.0,closure,humor_aside|judgment|turn,4,13,3,0,1,1,1,2,1,1,3,0,0
FS01708,93.28,10,V007-P020-C146-S000,28681,28706,57863,57913,26,757,27,23,inventory,turn|narration|explanation,8,26,3,2,4,0,4,0,3,1,2,1,6
FS01709,93.34,10,V007-P020-C146-S000,28707,28726,57915,57953,20,729,21,40,closure,judgment|turn|inventory,8,15,3,0,1,1,1,0,0,0,8,0,1
FS01710,93.39,10,V007-P020-C146-S000,28727,28747,57955,57995,21,747,22,37.0,explanation,turn|humor_aside|narration,5,14,0,3,3,0,3,4,1,0,0,0,0
FS01711,93.45,10,V007-P020-C146-S000,28748,28769,57997,58039,22,737,23,31,closure,judgment|turn|narration,5,15,1,0,2,2,2,0,1,0,5,1,1
FS01712,93.5,10,V007-P020-C146-S000,28770,28790,58041,58081,21,742,21,29,narration,turn|humor_aside|judgment,2,16,1,0,2,1,3,2,6,0,1,0,0
FS01713,93.56,10,V007-P020-C146-S000,28791,28819,58083,58139,29,737,29,27,character,judgment|closure|dialogue_scene,2,20,1,0,0,2,3,2,1,5,2,2,2
FS01714,93.61,10,V007-P020-C146-S000,28820,28841,58141,58183,22,712,23,30,closure,explanation|humor_aside|narration,7,14,0,2,1,0,2,2,2,0,5,0,0
FS01715,93.66,10,V007-P020-C146-S000,28842,28861,58185,58223,20,743,21,35,humor_aside,closure|turn|character,5,13,2,0,1,0,2,4,0,1,3,0,0
FS01716,93.72,10,V007-P020-C146-S000,28862,28875,58225,58251,14,680,17,38,closure,judgment|humor_aside|narration,4,26,0,1,1,3,2,4,5,0,8,0,2
FS01717,93.77,10,V007-P020-C147-S000,28876,28895,58256,58294,20,742,27,24,turn,narration|closure|dialogue_scene,3,15,3,0,3,0,4,0,3,0,1,1,0
FS01718,93.83,10,V007-P020-C147-S000,28896,28923,58296,58350,28,720,30,22.5,explanation,narration|closure|judgment,7,17,3,3,0,1,4,1,2,0,2,1,0
FS01719,93.88,10,V007-P020-C147-S000,28924,28944,58352,58392,21,741,26,20.5,closure,explanation|turn|judgment,11,36,12,3,3,2,1,1,4,0,8,2,0
FS01720,93.94,10,V007-P020-C147-S000,28945,28974,58394,58452,30,749,34,21.0,turn,closure|humor_aside|judgment,7,15,0,0,3,2,1,4,1,0,4,0,0
FS01721,93.99,10,V007-P020-C147-S000,28975,28997,58454,58498,23,760,34,22.0,closure,narration|turn|judgment,9,23,3,0,3,1,5,0,5,0,5,0,1
FS01722,94.05,10,V007-P020-C147-S000,28998,29023,58500,58550,26,729,33,21,closure,judgment|narration|explanation,2,10,0,0,0,2,1,0,4,0,3,0,0
FS01723,94.1,10,V007-P020-C147-S000,29024,29045,58552,58594,22,738,28,26.0,narration,humor_aside|judgment|turn,1,21,5,0,1,1,7,3,3,0,1,0,0
FS01724,94.16,10,V007-P020-C147-S000,29046,29076,58596,58656,31,717,34,19.5,humor_aside,turn|judgment|closure,4,20,0,0,3,2,1,8,2,0,2,0,2
FS01725,94.21,10,V007-P020-C147-S000,29077,29100,58658,58704,24,752,31,23,character,closure|humor_aside|inventory,4,27,11,0,1,1,2,2,1,4,3,0,2
FS01726,94.27,10,V007-P020-C147-S000,29101,29128,58706,58760,28,745,29,25,judgment,character|humor_aside|closure,5,24,0,1,2,5,1,4,3,4,3,0,1
FS01727,94.32,10,V007-P020-C147-S000,29129,29150,58762,58804,22,749,32,19.5,dialogue_scene,narration|turn|closure,4,18,5,0,1,0,3,0,3,0,1,5,0
FS01728,94.37,10,V007-P020-C147-S000,29151,29175,58806,58854,25,760,31,19,humor_aside,judgment|narration|explanation,1,14,1,1,1,2,3,4,2,0,0,0,0
FS01729,94.43,10,V007-P020-C147-S000,29176,29193,58856,58893,18,476,19,25,closure,explanation|judgment|narration,3,11,0,1,1,1,3,0,0,0,4,0,1
FS01730,94.48,10,V007-P020-C148-S000,29194,29214,58895,58935,21,746,27,27,turn,narration|closure|dialogue_scene,7,16,0,0,4,0,5,2,0,1,2,2,0
FS01731,94.54,10,V007-P020-C148-S000,29215,29237,58937,58981,23,748,31,22,explanation,turn|humor_aside|judgment,5,14,2,4,2,1,2,2,0,0,1,0,0
FS01732,94.59,10,V007-P020-C148-S000,29238,29267,58983,59041,30,756,32,25.0,dialogue_scene,explanation|closure|judgment,4,20,1,2,0,2,0,0,2,2,3,8,0
FS01733,94.65,10,V007-P020-C148-S000,29268,29288,59043,59083,21,759,24,28.0,judgment,closure|dialogue_scene|explanation,4,25,3,2,1,5,2,1,1,0,4,4,2
FS01734,94.7,10,V007-P020-C148-S000,29289,29315,59085,59137,27,728,28,23.0,humor_aside,character|judgment|narration,7,23,2,0,2,2,5,4,1,3,2,0,2
FS01735,94.76,10,V007-P020-C148-S000,29316,29335,59139,59177,20,707,25,27,turn,narration|closure|humor_aside,3,18,3,0,2,0,3,2,2,1,2,1,2
FS01736,94.81,10,V007-P020-C148-S000,29336,29361,59179,59229,26,751,33,22,dialogue_scene,inventory|narration|turn,3,25,1,0,2,0,3,2,4,2,2,5,4
FS01737,94.87,10,V007-P020-C148-S000,29362,29387,59231,59281,26,721,30,22.0,humor_aside,closure|narration|dialogue_scene,5,20,0,1,1,0,4,6,2,0,4,2,0
FS01738,94.92,10,V007-P020-C148-S000,29388,29407,59283,59321,20,750,25,30,humor_aside,turn|inventory|narration,3,20,2,1,2,1,1,6,3,1,1,0,2
FS01739,94.98,10,V007-P020-C148-S000,29408,29429,59323,59365,22,729,24,21.5,humor_aside,narration|judgment|turn,4,41,5,0,2,4,3,16,10,1,0,0,0
FS01740,95.03,10,V007-P020-C148-S000,29430,29447,59367,59401,18,659,21,28,humor_aside,explanation|narration|closure,3,14,1,1,0,0,0,6,3,0,1,1,1
FS01741,95.08,10,V007-P020-C149-S000,29448,29470,59406,59450,23,734,25,29,judgment,humor_aside|turn|closure,8,29,7,0,2,5,3,6,1,1,2,0,2
FS01742,95.14,10,V007-P020-C149-S000,29471,29494,59452,59498,24,760,26,28.0,judgment,character|closure|humor_aside,3,14,2,0,1,2,1,2,2,2,2,0,0
FS01743,95.19,10,V007-P020-C149-S000,29495,29522,59500,59554,28,756,29,25,character,judgment|closure|narration,3,12,1,0,1,2,2,0,1,3,2,0,0
FS01744,95.25,10,V007-P020-C149-S000,29523,29555,59556,59620,33,749,31,24,judgment,explanation|closure|humor_aside,3,17,4,2,1,3,0,2,0,0,3,1,1
FS01745,95.3,10,V007-P020-C149-S000,29556,29582,59622,59674,27,724,28,24.0,judgment,turn|character|closure,6,20,1,2,3,3,1,2,2,3,3,0,0
FS01746,95.36,10,V007-P020-C149-S000,29583,29601,59676,59712,19,742,23,29,dialogue_scene,judgment|humor_aside|narration,1,29,3,1,1,3,2,4,5,1,1,6,2
FS01747,95.41,10,V007-P020-C149-S000,29602,29629,59714,59768,28,727,34,17.5,dialogue_scene,narration|character|turn,2,22,1,0,1,0,1,0,7,3,1,7,1
FS01748,95.47,10,V007-P020-C149-S000,29630,29651,59770,59812,22,750,26,28.5,dialogue_scene,judgment|turn|narration,6,23,1,0,2,3,3,2,2,1,2,6,1
FS01749,95.52,10,V007-P020-C149-S000,29652,29676,59814,59862,25,752,27,25,character,closure|narration|turn,6,23,6,0,2,1,3,0,3,3,3,0,2
FS01750,95.58,10,V007-P020-C149-S000,29677,29698,59864,59906,22,759,25,31,humor_aside,narration|turn|closure,10,25,1,0,3,0,6,6,3,0,4,1,1
FS01751,95.63,10,V007-P020-C149-S000,29699,29725,59908,59960,27,741,27,26,closure,humor_aside|explanation|judgment,7,26,6,2,2,2,2,4,3,0,4,1,0
FS01752,95.69,10,V007-P020-C149-S000,29726,29751,59962,60012,26,751,28,26.5,humor_aside,dialogue_scene|narration|closure,4,26,1,0,1,1,2,6,7,1,2,5,0
FS01753,95.74,10,V007-P020-C149-S000,29752,29767,60014,60044,16,567,19,28,narration,explanation|humor_aside|judgment,2,14,2,2,0,1,1,2,6,0,0,0,0
FS01754,95.79,10,V007-P020-C150-S000,29768,29798,60049,60109,31,749,29,25,dialogue_scene,judgment|turn|narration,3,16,0,0,2,2,5,0,0,0,2,4,1
FS01755,95.85,10,V007-P020-C150-S000,29799,29818,60111,60149,20,742,21,34,turn,narration|judgment|closure,5,18,3,0,3,2,5,0,3,0,1,0,1
FS01756,95.9,10,V007-P020-C150-S000,29819,29838,60151,60189,20,739,20,34.5,humor_aside,narration|closure|judgment,5,20,0,1,1,2,5,4,3,1,3,0,0
FS01757,95.96,10,V007-P020-C150-S000,29839,29858,60191,60229,20,750,22,33.0,inventory,closure|humor_aside|judgment,3,16,2,0,1,1,0,2,3,0,2,0,5
FS01758,96.01,10,V007-P020-C150-S000,29859,29879,60231,60271,21,753,24,30.0,humor_aside,turn|character|closure,4,21,3,0,2,0,3,8,1,2,2,0,0
FS01759,96.07,10,V007-P020-C150-S000,29880,29905,60273,60323,26,736,27,28,character,closure|explanation|judgment,6,19,0,2,1,2,4,2,2,3,3,0,0
FS01760,96.12,10,V007-P020-C150-S000,29906,29930,60325,60373,25,739,25,28,closure,turn|dialogue_scene|explanation,5,12,0,1,2,0,2,0,0,0,4,2,1
FS01761,96.18,10,V007-P020-C150-S000,29931,29950,60375,60413,20,742,21,31,explanation,humor_aside|narration|character,6,27,0,5,2,0,2,4,6,3,3,1,1
FS01762,96.23,10,V007-P020-C150-S000,29951,29967,60415,60447,17,716,18,39.5,closure,explanation|turn|character,4,19,2,2,2,0,0,2,3,2,5,1,0
FS01763,96.29,10,V007-P020-C151-S000,29968,29991,60452,60498,24,705,23,24,closure,turn|judgment|narration,7,14,1,0,3,2,2,0,1,0,5,0,0
FS01764,96.34,10,V007-P020-C151-S000,29992,30011,60500,60538,20,705,24,26.5,closure,turn|narration|explanation,4,15,1,1,2,1,2,0,3,0,4,1,0
FS01765,96.4,10,V007-P020-C151-S000,30012,30035,60540,60586,24,733,24,28.0,turn,narration|closure|explanation,5,13,0,1,2,1,4,1,1,0,2,1,0
FS01766,96.45,10,V007-P020-C151-S000,30036,30057,60588,60630,22,754,23,30,turn,inventory|judgment|closure,4,17,0,0,3,2,2,0,2,0,2,2,4
FS01767,96.5,10,V007-P020-C151-S000,30058,30082,60632,60680,25,759,24,23.5,closure,narration|humor_aside|explanation,4,17,3,1,0,0,2,2,4,0,3,1,1
FS01768,96.56,10,V007-P020-C151-S000,30083,30095,60682,60706,13,758,17,45,explanation,closure|dialogue_scene|humor_aside,7,30,3,4,1,1,3,3,3,1,5,4,2
FS01769,96.61,10,V007-P020-C151-S000,30096,30113,60708,60742,18,760,19,39,humor_aside,closure|turn|character,3,19,0,0,1,0,1,12,1,1,2,0,1
FS01770,96.67,10,V007-P020-C151-S000,30114,30134,60744,60784,21,742,22,31.0,closure,narration|judgment|character,4,9,0,0,0,1,2,0,2,1,3,0,0
FS01771,96.72,10,V007-P020-C151-S000,30135,30156,60786,60828,22,715,23,30,humor_aside,explanation|turn|dialogue_scene,4,15,0,2,2,1,1,4,2,0,1,2,0
FS01772,96.78,10,V007-P020-C151-S000,30157,30172,60830,60860,16,594,18,31.0,humor_aside,narration|closure,1,15,2,0,0,0,3,6,3,0,1,0,0
FS01773,96.83,10,V007-P020-C152-S000,30173,30188,60865,60895,16,749,20,35.5,narration,inventory|closure|humor_aside,3,15,0,0,0,0,3,2,4,0,2,1,3
FS01774,96.89,10,V007-P020-C152-S000,30189,30212,60897,60943,24,735,27,25,humor_aside,closure|turn|character,6,18,1,0,2,0,3,6,0,2,4,0,0
FS01775,96.94,10,V007-P020-C152-S000,30213,30234,60945,60987,22,742,23,31,closure,inventory|narration|humor_aside,4,16,0,0,1,1,2,2,3,0,4,0,3
FS01776,97.0,10,V007-P020-C152-S000,30235,30257,60989,61033,23,731,23,28,humor_aside,inventory|judgment|turn,3,23,1,1,2,2,3,6,2,1,1,1,3
FS01777,97.05,10,V007-P020-C152-S000,30258,30281,61035,61081,24,746,25,29,dialogue_scene,narration|explanation|turn,1,14,2,1,1,0,1,0,3,1,0,4,1
FS01778,97.11,10,V007-P020-C152-S000,30282,30295,61083,61109,14,722,16,42.5,inventory,narration|humor_aside,1,15,1,0,0,0,1,2,5,0,0,0,6
FS01779,97.16,10,V007-P020-C152-S000,30296,30310,61111,61139,15,693,19,36,judgment,narration|closure|humor_aside,1,19,3,0,1,2,1,2,5,0,2,1,2
FS01780,97.21,10,V007-P020-C152-S000,30311,30328,61141,61175,18,745,20,38.0,explanation,narration|humor_aside|closure,6,22,0,3,1,0,1,4,8,1,2,2,0
FS01781,97.27,10,V007-P020-C152-S000,30329,30346,61177,61211,18,732,21,36,humor_aside,character|closure|narration,3,17,1,1,1,0,0,4,4,3,2,0,1
FS01782,97.32,10,V007-P020-C152-S000,30347,30366,61213,61251,20,753,23,32,turn,narration|closure|inventory,7,27,2,1,5,1,3,0,8,1,3,1,2
FS01783,97.38,10,V007-P020-C152-S000,30367,30390,61253,61299,24,734,26,24.5,explanation,turn|inventory|closure,7,15,0,3,3,0,2,0,2,0,2,0,3
FS01784,97.43,10,V007-P020-C152-S000,30391,30411,61301,61341,21,743,23,33,turn,dialogue_scene|narration|judgment,7,17,0,0,7,1,0,0,4,0,1,3,1
FS01785,97.49,10,V007-P020-C152-S000,30412,30423,61343,61368,12,489,15,30,judgment,closure|dialogue_scene|humor_aside,3,23,7,0,1,3,4,2,0,0,3,2,1
FS01786,97.54,10,V007-P020-C153-S000,30424,30448,61370,61418,25,744,25,26,dialogue_scene,turn|humor_aside|narration,5,31,5,2,4,1,4,4,3,0,2,6,0
FS01787,97.6,10,V007-P020-C153-S000,30449,30464,61420,61450,16,759,19,39,humor_aside,judgment|closure|dialogue_scene,6,20,0,1,0,4,3,6,1,0,3,2,0
FS01788,97.65,10,V007-P020-C153-S000,30465,30484,61452,61490,20,754,20,30.5,turn,narration|closure|explanation,5,15,2,0,4,0,4,0,3,0,2,0,0
FS01789,97.71,10,V007-P020-C153-S000,30485,30502,61492,61526,18,757,20,29.5,humor_aside,turn|closure|explanation,8,25,1,1,4,0,3,12,1,0,3,0,0
FS01790,97.76,10,V007-P020-C153-S000,30503,30517,61528,61556,15,733,18,36.5,humor_aside,turn|closure|narration,6,10,0,0,2,0,2,4,0,0,2,0,0
FS01791,97.82,10,V007-P020-C153-S000,30518,30538,61558,61598,21,745,22,33.0,turn,judgment|character|closure,5,14,2,1,3,2,2,0,0,2,2,0,0
FS01792,97.87,10,V007-P020-C153-S000,30539,30561,61600,61644,23,755,23,31,turn,narration|closure|humor_aside,8,18,0,0,4,1,4,2,3,1,3,0,0
FS01793,97.92,10,V007-P020-C153-S000,30562,30583,61646,61688,22,757,21,40,closure,humor_aside|character|explanation,5,17,1,1,1,1,1,4,1,2,4,1,0
FS01794,97.98,10,V007-P020-C153-S000,30584,30601,61690,61724,18,758,18,40.5,humor_aside,closure|explanation|narration,11,31,0,3,2,2,4,8,5,0,5,2,0
FS01795,98.03,10,V007-P020-C153-S000,30602,30615,61726,61752,14,759,14,55.5,explanation,humor_aside|narration|inventory,7,31,11,4,1,0,4,6,1,1,1,0,2
FS01796,98.09,10,V007-P020-C153-S000,30616,30635,61754,61792,20,757,23,28,turn,dialogue_scene|closure|character,4,25,5,0,4,0,0,2,4,2,3,4,1
FS01797,98.14,10,V007-P020-C153-S000,30636,30648,61794,61818,13,474,11,41,humor_aside,turn|judgment|character,4,21,2,0,3,2,0,6,2,2,2,2,0
FS01798,98.2,10,V007-P020-C154-S000,30649,30673,61823,61871,25,708,27,23,closure,explanation|turn|narration,6,21,3,2,2,1,3,2,2,1,3,1,1
FS01799,98.25,10,V007-P020-C154-S000,30674,30697,61873,61919,24,755,27,25,dialogue_scene,turn|closure|humor_aside,4,17,2,0,2,0,2,2,2,1,2,4,0
FS01800,98.31,10,V007-P020-C154-S000,30698,30724,61921,61973,27,722,30,17.5,turn,closure|humor_aside|narration,8,27,1,1,5,2,4,4,4,1,5,0,0
FS01801,98.36,10,V007-P020-C154-S000,30725,30747,61975,62019,23,720,24,26.0,turn,closure|judgment|character,8,16,0,0,3,2,2,2,1,2,4,0,0
FS01802,98.42,10,V007-P020-C154-S000,30748,30773,62021,62071,26,751,27,23,narration,turn|closure|judgment,2,18,5,0,2,1,2,0,4,1,2,1,0
FS01803,98.47,10,V007-P020-C154-S000,30774,30789,62073,62103,16,743,16,41.5,humor_aside,judgment|narration|closure,5,33,4,1,1,4,4,6,8,0,4,1,0
FS01804,98.53,10,V007-P020-C154-S000,30790,30802,62105,62129,13,759,15,45,humor_aside,narration|closure|judgment,7,16,1,0,0,1,5,4,2,0,3,0,0
FS01805,98.58,10,V007-P020-C154-S000,30803,30826,62131,62177,24,747,26,27.0,dialogue_scene,humor_aside|turn|closure,6,33,4,1,3,1,1,6,3,0,4,10,0
FS01806,98.63,10,V007-P020-C154-S000,30827,30847,62179,62219,21,742,19,36,dialogue_scene,humor_aside|turn|closure,8,41,9,1,4,2,3,6,3,0,4,7,2
FS01807,98.69,10,V007-P020-C154-S000,30848,30868,62221,62261,21,741,23,27,closure,humor_aside|explanation|narration,5,21,2,2,1,0,3,4,2,1,5,0,1
FS01808,98.74,10,V007-P020-C154-S000,30869,30889,62263,62303,21,747,22,30.0,turn,judgment|closure|humor_aside,4,17,1,0,5,2,4,2,0,0,2,0,1
FS01809,98.8,10,V007-P020-C154-S000,30890,30909,62305,62343,20,746,22,34.0,closure,turn|narration|explanation,5,19,3,1,3,0,2,0,3,1,5,0,1
FS01810,98.85,10,V007-P020-C154-S000,30910,30929,62345,62383,20,717,22,29.5,humor_aside,explanation|turn|dialogue_scene,3,17,3,2,2,1,1,6,0,0,0,2,0
FS01811,98.91,10,V007-P020-C154-S000,30930,30954,62385,62433,25,755,26,28.5,turn,narration|humor_aside|explanation,5,17,5,1,2,0,1,2,4,0,1,1,0
FS01812,98.96,10,V007-P020-C154-S000,30955,30970,62435,62468,16,497,17,28,judgment,humor_aside|narration|closure,6,18,0,1,1,3,6,4,1,0,2,0,0
FS01813,99.02,10,V007-P020-C155-S000,30971,30993,62470,62514,23,722,25,25,turn,humor_aside|closure|inventory,4,16,0,0,3,0,2,4,1,1,2,1,2
FS01814,99.07,10,V007-P020-C155-S000,30994,31017,62516,62562,24,725,25,29,humor_aside,dialogue_scene|narration|turn,5,18,3,0,1,0,1,8,2,0,1,2,0
FS01815,99.13,10,V007-P020-C155-S000,31018,31043,62564,62614,26,712,24,30.5,closure,explanation|turn|character,9,23,1,2,2,0,3,2,1,2,9,1,0
FS01816,99.18,10,V007-P020-C155-S000,31044,31068,62616,62664,25,718,27,25,judgment,turn|dialogue_scene|narration,6,23,2,1,3,4,2,0,4,2,0,3,2
FS01817,99.24,10,V007-P020-C155-S000,31069,31087,62666,62702,19,737,21,35,humor_aside,narration|closure|turn,8,27,1,1,2,1,5,8,2,1,3,2,1
FS01818,99.29,10,V007-P020-C155-S000,31088,31117,62704,62762,30,736,29,27,closure,turn|dialogue_scene|humor_aside,4,19,3,1,2,1,2,2,1,1,4,2,0
FS01819,99.34,10,V007-P020-C155-S000,31118,31150,62764,62828,33,757,32,19.5,humor_aside,dialogue_scene|turn|narration,4,18,3,1,2,1,2,4,2,0,0,3,0
FS01820,99.4,10,V007-P020-C155-S000,31151,31167,62830,62862,17,754,15,45,humor_aside,closure|judgment|narration,3,12,2,0,0,1,2,5,0,0,2,0,0
FS01821,99.45,10,V007-P020-C155-S000,31168,31189,62864,62906,22,740,21,28,humor_aside,turn|narration|inventory,2,27,2,0,3,1,1,12,4,0,1,1,2
FS01822,99.51,10,V007-P020-C155-S000,31190,31216,62908,62960,27,651,26,23.0,closure,humor_aside|explanation|judgment,5,22,1,2,0,1,1,6,1,1,8,0,1
FS01823,99.56,10,V007-P020-C156-S000,31217,31241,62965,63013,25,755,27,22,closure,inventory|narration|turn,12,40,3,2,3,2,2,4,8,0,9,1,6
FS01824,99.62,10,V007-P020-C156-S000,31242,31256,63015,63043,15,740,20,35.5,humor_aside,closure|explanation|narration,2,8,2,0,0,0,1,4,0,0,1,0,0
FS01825,99.67,10,V007-P020-C156-S000,31257,31275,63045,63081,19,737,22,29.5,character,closure|dialogue_scene|humor_aside,5,23,3,1,1,1,4,2,0,4,4,2,1
FS01826,99.73,10,V007-P020-C156-S000,31276,31303,63083,63137,28,731,31,21,judgment,humor_aside|turn|dialogue_scene,3,16,1,0,2,3,1,4,0,0,1,2,2
FS01827,99.78,10,V007-P020-C156-S000,31304,31331,63139,63193,28,753,27,27,humor_aside,dialogue_scene|explanation|turn,8,31,6,3,3,2,2,6,2,0,2,5,0
FS01828,99.84,10,V007-P020-C156-S000,31332,31347,63195,63228,16,529,15,31,turn,closure|humor_aside|explanation,5,17,2,1,4,1,2,2,0,0,4,1,0
FS01829,99.89,10,V007-P020-C156-S003,31348,31363,63230,63260,16,739,20,33.0,explanation,judgment|closure|humor_aside,4,30,10,6,0,3,3,3,1,1,3,0,0
FS01830,99.95,10,V007-P020-C156-S003,31364,31388,63262,63310,25,751,27,22,narration,judgment|turn|closure,6,33,12,1,2,2,1,2,10,0,2,1,0
FS01831,100.0,10,V007-P020-C156-S003,31389,31425,63312,63384,37,467,10,11.5,judgment,character|closure|narration,1,8,4,0,0,1,0,0,1,1,1,0,0
